observing_night,slot_start_local,slot_end_local,slot_start_utc,slot_end_utc,sector,target_type,mag_bin_label,star_name,star_id,ra_deg,dec_deg,vmag,umag,bmag,rmag,imag,jmag,hmag,kmag,alt_min_deg,alt_mean_deg,az_mean_deg,visible_full_slot,repeated_from_previous_slot,hotspot_distance_deg,ranking_score,notes,catalog_source
2026-04-02,2026-04-02 21:00,2026-04-02 23:00,2026-04-02 19:00,2026-04-02 21:00,East,LPC,LPC,HIP 42294,HIP 42294,129.34208,28.29452,6.63,,7.524,,,5.095,4.702,4.591,63.54,76.73,92.54,YES,NO,,1075.9711,,Hipparcos
2026-04-02,2026-04-02 21:00,2026-04-02 23:00,2026-04-02 19:00,2026-04-02 21:00,East,LPC,LPC,HIP 43129,HIP 43129,131.78046,28.16194,6.6,,7.301,,,5.42,5.147,5.07,61.39,74.59,87.3,YES,NO,,1073.7765,,Hipparcos
2026-04-02,2026-04-02 21:00,2026-04-02 23:00,2026-04-02 19:00,2026-04-02 21:00,East,NGS,NGS_BRIGHT,Pollux,HIP 37826,116.33068,28.02631,1.16,,2.285,,,,,,74.92,82.7,169.97,YES,NO,,1058.7107,,Hipparcos
2026-04-02,2026-04-02 21:00,2026-04-02 23:00,2026-04-02 19:00,2026-04-02 21:00,East,NGS,NGS_FAINT,HIP 43103,HIP 43103,131.67431,28.76001,4.03,,5.113,,,2.368,1.941,1.831,61.57,74.72,83.44,YES,NO,,1072.7477,,Hipparcos
2026-04-02,2026-04-02 21:00,2026-04-02 23:00,2026-04-02 19:00,2026-04-02 21:00,North,LPC,LPC,HIP 36896,HIP 36896,113.78674,30.96091,5.34,,6.46,,,3.554,3.096,3.028,76.28,82.24,191.7,YES,NO,,1031.7468,,Hipparcos
2026-04-02,2026-04-02 21:00,2026-04-02 23:00,2026-04-02 19:00,2026-04-02 21:00,North,LPC,LPC,HIP 37339,HIP 37339,114.97541,32.00982,6.16,,6.542,,,5.404,5.287,5.216,75.89,81.75,169.36,YES,NO,,1030.9441,,Hipparcos
2026-04-02,2026-04-02 21:00,2026-04-02 23:00,2026-04-02 19:00,2026-04-02 21:00,North,NGS,NGS_BRIGHT,Castor,HIP 36850,113.65002,31.88864,1.58,,,,,1.33,1.292,1.229,76.03,81.81,191.22,YES,NO,,1031.1798,,Hipparcos
2026-04-02,2026-04-02 21:00,2026-04-02 23:00,2026-04-02 19:00,2026-04-02 21:00,North,NGS,NGS_FAINT,HIP 37265,HIP 37265,114.79149,34.58463,4.89,,5.324,,,4.068,3.917,3.835,75.33,80.24,168.26,YES,NO,,1029.7665,,Hipparcos
2026-04-02,2026-04-02 21:00,2026-04-02 23:00,2026-04-02 19:00,2026-04-02 21:00,South,LPC,LPC,HIP 37921,HIP 37921,116.56758,10.76831,5.25,,5.266,,,5.196,5.22,5.127,66.07,70.31,173.87,YES,NO,1.35,1163.4475,,Hipparcos
2026-04-02,2026-04-02 21:00,2026-04-02 23:00,2026-04-02 19:00,2026-04-02 21:00,South,LPC,LPC,HIP 38196,HIP 38196,117.38466,12.8143,6.42,,7.501,,,5.046,4.536,4.128,67.04,72.07,171.01,YES,NO,2.09,1160.9376,,Hipparcos
2026-04-02,2026-04-02 21:00,2026-04-02 23:00,2026-04-02 19:00,2026-04-02 21:00,South,NGS,NGS_BRIGHT,Procyon,HIP 37279,114.82724,5.22751,0.4,,,,,,,,62.56,65.25,178.85,YES,NO,5.81,1138.8722,,Hipparcos
2026-04-02,2026-04-02 21:00,2026-04-02 23:00,2026-04-02 19:00,2026-04-02 21:00,South,NGS,NGS_FAINT,HIP 37908,HIP 37908,116.53122,18.51017,4.89,,6.513,,,2.065,1.277,1.238,71.35,77.04,171.73,YES,NO,7.06,1146.3294,,Hipparcos
2026-04-02,2026-04-02 21:00,2026-04-02 23:00,2026-04-02 19:00,2026-04-02 21:00,South,NGS,NGS_MEDIUM,HIP 36188,HIP 36188,111.7878,8.28941,2.89,,2.807,,,3.061,3.109,3.101,63.99,68.02,186.27,YES,NO,6.13,1138.22,,Hipparcos
2026-04-02,2026-04-02 21:00,2026-04-02 23:00,2026-04-02 19:00,2026-04-02 21:00,West,LPC,LPC,HIP 32311,HIP 32311,101.18944,28.97099,5.42,,7.061,,,2.626,1.898,1.698,65.38,78.23,265.42,YES,NO,,1076.8554,,Hipparcos
2026-04-02,2026-04-02 21:00,2026-04-02 23:00,2026-04-02 19:00,2026-04-02 21:00,West,LPC,LPC,HIP 31434,HIP 31434,98.80026,28.02234,5.26,,5.256,,,5.151,5.21,5.147,63.18,76.38,268.97,YES,NO,,1076.0724,,Hipparcos
2026-04-02,2026-04-02 22:00,2026-04-03 00:00,2026-04-02 20:00,2026-04-02 22:00,East,LPC,LPC,HIP 46891,HIP 46891,143.32633,28.36802,6.5,,6.647,,,6.17,6.148,6.118,64.48,77.54,100.66,YES,NO,,1074.3436,,Hipparcos
2026-04-02,2026-04-02 22:00,2026-04-03 00:00,2026-04-02 20:00,2026-04-02 22:00,East,LPC,LPC,HIP 47173,HIP 47173,144.20407,27.75854,6.96,,8.277,,,5.185,4.493,4.293,63.63,76.79,98.46,YES,NO,,1074.2496,,Hipparcos
2026-04-02,2026-04-02 22:00,2026-04-03 00:00,2026-04-02 20:00,2026-04-02 22:00,East,LPC,LPC,HIP 43129,HIP 43129,131.78046,28.16194,6.6,,7.301,,,5.42,5.147,5.07,74.58,82.68,166.32,YES,NO,,1073.7765,carried_over,Hipparcos
2026-04-02,2026-04-02 22:00,2026-04-03 00:00,2026-04-02 20:00,2026-04-02 22:00,East,NGS,NGS_FAINT,HIP 46146,HIP 46146,141.16366,26.18244,4.47,,5.849,,,2.464,1.765,1.688,66.03,78.49,119.71,YES,NO,,1069.5738,,Hipparcos
2026-04-02,2026-04-02 22:00,2026-04-03 00:00,2026-04-02 20:00,2026-04-02 22:00,East,NGS,NGS_MEDIUM,HIP 48455,HIP 48455,148.19149,26.00708,3.88,,5.263,,,1.974,1.327,1.364,59.82,72.99,97.29,YES,NO,,1070.7991,,Hipparcos
2026-04-02,2026-04-02 22:00,2026-04-03 00:00,2026-04-02 20:00,2026-04-02 22:00,North,LPC,LPC,HIP 42365,HIP 42365,129.57916,32.80203,5.96,,7.19,,,4.438,3.708,3.616,76.09,81.36,167.35,YES,NO,,1031.1551,,Hipparcos
2026-04-02,2026-04-02 22:00,2026-04-03 00:00,2026-04-02 20:00,2026-04-02 22:00,North,LPC,LPC,HIP 42472,HIP 42472,129.88279,32.51566,6.71,,8.344,,,4.543,3.7,3.574,75.91,81.51,168.66,YES,NO,,1030.9117,,Hipparcos
2026-04-02,2026-04-02 22:00,2026-04-03 00:00,2026-04-02 20:00,2026-04-02 22:00,North,NGS,NGS_FAINT,HIP 41075,HIP 41075,125.70888,43.18837,4.25,,6.009,,,1.263,0.453,0.375,68.95,73.24,213.47,YES,NO,,1029.2793,,Hipparcos
2026-04-02,2026-04-02 22:00,2026-04-03 00:00,2026-04-02 20:00,2026-04-02 22:00,South,LPC,LPC,HIP 43245,HIP 43245,132.15432,10.43301,6.91,,8.663,,,3.419,2.558,2.276,65.45,69.92,172.51,YES,NO,0.86,1164.952,,Hipparcos
2026-04-02,2026-04-02 22:00,2026-04-03 00:00,2026-04-02 20:00,2026-04-02 22:00,South,LPC,LPC,HIP 43851,HIP 43851,133.98148,11.62606,5.44,,7.105,,,3.15,2.431,2.252,65.1,70.74,167.14,YES,NO,1.21,1162.5043,,Hipparcos
2026-04-02,2026-04-02 22:00,2026-04-03 00:00,2026-04-02 20:00,2026-04-02 22:00,South,NGS,NGS_FAINT,HIP 44066,HIP 44066,134.62165,11.85777,4.26,,4.416,,,3.979,4.027,3.944,64.82,70.82,165.28,YES,NO,1.78,1159.3705,,Hipparcos
2026-04-02,2026-04-02 22:00,2026-04-03 00:00,2026-04-02 20:00,2026-04-02 22:00,South,NGS,NGS_MEDIUM,HIP 43109,HIP 43109,131.69436,6.41891,3.38,,4.132,,,1.857,1.399,1.274,62.55,66.25,174.54,YES,NO,4.11,1147.5243,,Hipparcos
2026-04-02,2026-04-02 22:00,2026-04-03 00:00,2026-04-02 20:00,2026-04-02 22:00,West,LPC,LPC,HIP 36429,HIP 36429,112.45325,27.9162,5.01,,6.254,,,3.16,2.62,2.426,61.95,75.15,270.79,YES,NO,,1074.9124,,Hipparcos
2026-04-02,2026-04-02 22:00,2026-04-03 00:00,2026-04-02 20:00,2026-04-02 22:00,West,LPC,LPC,HIP 36325,HIP 36325,112.16622,27.55288,6.36,,7.737,,,3.718,3.243,2.978,61.64,74.84,268.67,YES,NO,,1074.4442,,Hipparcos
2026-04-02,2026-04-02 22:00,2026-04-03 00:00,2026-04-02 20:00,2026-04-02 22:00,West,LPC,LPC,HIP 32311,HIP 32311,101.18944,28.97099,5.42,,7.061,,,2.626,1.898,1.698,52.34,65.4,278.55,NO,NO,,1076.8554,carried_over; partial_visibility,Hipparcos
2026-04-02,2026-04-02 22:00,2026-04-03 00:00,2026-04-02 20:00,2026-04-02 22:00,West,LPC,LPC,HIP 31434,HIP 31434,98.80026,28.02234,5.26,,5.256,,,5.151,5.21,5.147,50.1,63.21,276.68,NO,NO,,1076.0724,carried_over; partial_visibility,Hipparcos
2026-04-02,2026-04-02 22:00,2026-04-03 00:00,2026-04-02 20:00,2026-04-02 22:00,West,NGS,NGS_BRIGHT,Pollux,HIP 37826,116.33068,28.02631,1.16,,2.285,,,,,,65.35,78.28,255.01,YES,NO,,1073.783,,Hipparcos
2026-04-02,2026-04-02 22:00,2026-04-03 00:00,2026-04-02 20:00,2026-04-02 22:00,West,NGS,NGS_FAINT,HIP 37629,HIP 37629,115.82786,28.88407,4.23,,5.493,,,2.328,1.799,1.736,65.01,77.94,262.97,YES,NO,,1075.8327,,Hipparcos
2026-04-02,2026-04-02 22:00,2026-04-03 00:00,2026-04-02 20:00,2026-04-02 22:00,West,NGS,NGS_MEDIUM,HIP 36046,HIP 36046,111.43198,27.79829,3.78,,4.921,,,2.195,1.658,1.562,61.04,74.24,270.98,YES,NO,,1073.9443,,Hipparcos
2026-04-02,2026-04-02 23:00,2026-04-03 01:00,2026-04-02 21:00,2026-04-02 23:00,East,LPC,LPC,HIP 51325,HIP 51325,157.25661,29.7276,6.61,,7.891,,,4.418,3.913,3.775,65.59,78.26,90.36,YES,NO,,1078.1526,,Hipparcos
2026-04-02,2026-04-02 23:00,2026-04-03 01:00,2026-04-02 21:00,2026-04-02 23:00,East,LPC,LPC,HIP 51399,HIP 51399,157.4737,28.58122,6.88,,8.129,,,4.996,4.451,4.322,65.3,78.22,99.03,YES,NO,,1075.5164,,Hipparcos
2026-04-02,2026-04-02 23:00,2026-04-03 01:00,2026-04-02 21:00,2026-04-02 23:00,East,NGS,NGS_FAINT,HIP 53417,HIP 53417,163.90353,24.74975,4.3,,4.303,,,3.916,4.026,4.352,58.95,72.04,101.48,YES,NO,,1068.5936,,Hipparcos
2026-04-02,2026-04-02 23:00,2026-04-03 01:00,2026-04-02 21:00,2026-04-02 23:00,North,LPC,LPC,HIP 47168,HIP 47168,144.17854,31.16184,5.57,,7.353,,,2.606,1.732,1.609,76.51,82.18,193.03,YES,NO,,1032.0919,,Hipparcos
2026-04-02,2026-04-02 23:00,2026-04-03 01:00,2026-04-02 21:00,2026-04-02 23:00,North,LPC,LPC,HIP 48917,HIP 48917,149.68521,50.1252,6.7,,6.625,,,6.716,6.781,6.784,63.33,66.85,119.03,YES,NO,,1031.1373,,Hipparcos
2026-04-02,2026-04-02 23:00,2026-04-03 01:00,2026-04-02 21:00,2026-04-02 23:00,North,NGS,NGS_FAINT,HIP 46952,HIP 46952,143.55574,36.39761,4.54,,5.531,,,3.046,2.711,,74.45,79.01,191.15,YES,NO,,1028.3572,,Hipparcos
2026-04-02,2026-04-02 23:00,2026-04-03 01:00,2026-04-02 21:00,2026-04-02 23:00,North,NGS,NGS_MEDIUM,HIP 46853,HIP 46853,143.21802,51.6786,3.17,,3.671,,,,,,63.79,65.7,192.31,YES,NO,,1015.3947,,Hipparcos
2026-04-02,2026-04-02 23:00,2026-04-03 01:00,2026-04-02 21:00,2026-04-02 23:00,South,LPC,LPC,HIP 48298,HIP 48298,147.70533,11.84242,6.86,,6.816,,,6.87,6.955,6.961,66.14,71.12,170.71,YES,NO,1.14,1164.2876,,Hipparcos
2026-04-02,2026-04-02 23:00,2026-04-03 01:00,2026-04-02 21:00,2026-04-02 23:00,South,LPC,LPC,HIP 48029,HIP 48029,146.85831,11.56818,6.44,,6.711,,,5.9,5.794,5.734,66.5,70.96,173.14,YES,NO,1.42,1163.5329,,Hipparcos
2026-04-02,2026-04-02 23:00,2026-04-03 01:00,2026-04-02 21:00,2026-04-02 23:00,South,NGS,NGS_FAINT,HIP 49029,HIP 49029,150.05343,8.04428,4.68,,6.484,,,1.53,0.706,0.49,61.78,67.28,166.2,YES,NO,3.05,1150.4785,,Hipparcos
2026-04-02,2026-04-02 23:00,2026-04-03 01:00,2026-04-02 21:00,2026-04-02 23:00,South,NGS,NGS_MEDIUM,HIP 47508,HIP 47508,145.28799,9.8924,3.52,,4.042,,,2.765,2.603,2.503,66.18,69.53,177.65,YES,NO,2.69,1156.1738,,Hipparcos
2026-04-02,2026-04-02 23:00,2026-04-03 01:00,2026-04-02 21:00,2026-04-02 23:00,West,LPC,LPC,HIP 43100,HIP 43100,131.66665,28.76517,6.58,,6.586,,,6.445,6.474,6.449,65.69,78.52,266.01,YES,NO,,1077.3226,,Hipparcos
2026-04-02,2026-04-02 23:00,2026-04-03 01:00,2026-04-02 21:00,2026-04-02 23:00,West,LPC,LPC,HIP 42294,HIP 42294,129.34208,28.29452,6.63,,7.524,,,5.095,4.702,4.591,63.6,76.79,264.69,YES,NO,,1075.198,,Hipparcos
2026-04-02,2026-04-02 23:00,2026-04-03 01:00,2026-04-02 21:00,2026-04-02 23:00,West,LPC,LPC,HIP 36429,HIP 36429,112.45325,27.9162,5.01,,6.254,,,3.16,2.62,2.426,48.86,61.97,276.74,NO,NO,,1074.9124,carried_over; partial_visibility,Hipparcos
2026-04-02,2026-04-02 23:00,2026-04-03 01:00,2026-04-02 21:00,2026-04-02 23:00,West,LPC,LPC,HIP 36325,HIP 36325,112.16622,27.55288,6.36,,7.737,,,3.718,3.243,2.978,48.54,61.66,276.0,NO,NO,,1074.4442,carried_over; partial_visibility,Hipparcos
2026-04-02,2026-04-02 23:00,2026-04-03 01:00,2026-04-02 21:00,2026-04-02 23:00,West,NGS,NGS_BRIGHT,Pollux,HIP 37826,116.33068,28.02631,1.16,,2.285,,,,,,52.24,65.37,275.87,NO,NO,,1073.783,carried_over; partial_visibility,Hipparcos
2026-04-02,2026-04-02 23:00,2026-04-03 01:00,2026-04-02 21:00,2026-04-02 23:00,West,NGS,NGS_FAINT,HIP 43103,HIP 43103,131.67431,28.76001,4.03,,5.113,,,2.368,1.941,1.831,65.69,78.52,266.05,YES,NO,,1077.3393,,Hipparcos
2026-04-02,2026-04-02 23:00,2026-04-03 01:00,2026-04-02 21:00,2026-04-02 23:00,West,NGS,NGS_FAINT,HIP 37629,HIP 37629,115.82786,28.88407,4.23,,5.493,,,2.328,1.799,1.736,51.97,65.03,278.3,NO,NO,,1075.8327,carried_over; partial_visibility,Hipparcos
2026-04-02,2026-04-02 23:00,2026-04-03 01:00,2026-04-02 21:00,2026-04-02 23:00,West,NGS,NGS_MEDIUM,HIP 36046,HIP 36046,111.43198,27.79829,3.78,,4.921,,,2.195,1.658,1.562,47.96,61.06,276.78,NO,NO,,1073.9443,carried_over; partial_visibility,Hipparcos
2026-04-02,2026-04-03 00:00,2026-04-03 02:00,2026-04-02 22:00,2026-04-03 00:00,East,LPC,LPC,HIP 56178,HIP 56178,172.72891,28.45157,6.74,,8.461,,,3.556,2.721,2.386,65.11,78.07,100.62,YES,NO,,1074.8898,,Hipparcos
2026-04-02,2026-04-03 00:00,2026-04-03 02:00,2026-04-02 22:00,2026-04-03 00:00,East,LPC,LPC,HIP 56601,HIP 56601,174.07475,27.7813,5.8,,6.074,,,5.289,5.292,5.208,63.85,76.98,100.04,YES,NO,,1073.9684,,Hipparcos
2026-04-02,2026-04-03 00:00,2026-04-03 02:00,2026-04-02 22:00,2026-04-03 00:00,North,LPC,LPC,HIP 51200,HIP 51200,156.86699,41.60121,6.0,,6.167,,,5.626,5.58,5.532,70.55,74.75,215.19,YES,NO,,1031.3092,,Hipparcos
2026-04-02,2026-04-03 00:00,2026-04-03 02:00,2026-04-02 22:00,2026-04-03 00:00,North,LPC,LPC,HIP 52032,HIP 52032,159.46782,34.07861,6.42,,7.95,,,4.194,3.528,3.301,75.92,80.63,166.37,YES,NO,,1030.7171,,Hipparcos
2026-04-02,2026-04-03 00:00,2026-04-03 02:00,2026-04-02 22:00,2026-04-03 00:00,North,NGS,NGS_FAINT,HIP 52098,HIP 52098,159.68005,31.97622,4.68,,5.574,,,3.292,2.926,2.826,76.3,81.82,167.32,YES,NO,,1031.6216,,Hipparcos
2026-04-02,2026-04-03 00:00,2026-04-03 02:00,2026-04-02 22:00,2026-04-03 00:00,South,LPC,LPC,HIP 52911,HIP 52911,162.3143,10.54526,5.32,,5.351,,,5.228,5.273,5.075,65.45,69.98,172.31,YES,NO,0.79,1165.2986,,Hipparcos
2026-04-02,2026-04-03 00:00,2026-04-03 02:00,2026-04-02 22:00,2026-04-03 00:00,South,LPC,LPC,HIP 53039,HIP 53039,162.78566,11.57885,6.85,,8.197,,,4.886,4.431,4.304,65.92,70.86,170.71,YES,NO,0.89,1165.215,,Hipparcos
2026-04-02,2026-04-03 00:00,2026-04-03 02:00,2026-04-02 22:00,2026-04-03 00:00,South,NGS,NGS_FAINT,HIP 54182,HIP 54182,166.25512,7.33612,4.62,,4.969,,,,,,60.47,66.37,163.83,YES,NO,4.29,1143.7218,,Hipparcos
2026-04-02,2026-04-03 00:00,2026-04-03 02:00,2026-04-02 22:00,2026-04-03 00:00,South,NGS,NGS_MEDIUM,HIP 51624,HIP 51624,158.20281,9.30659,3.84,,3.678,,,4.266,4.264,4.275,65.5,68.97,183.18,YES,NO,4.72,1145.4775,,Hipparcos
2026-04-02,2026-04-03 00:00,2026-04-03 02:00,2026-04-02 22:00,2026-04-03 00:00,West,LPC,LPC,HIP 46891,HIP 46891,143.32633,28.36802,6.5,,6.647,,,6.17,6.148,6.118,62.67,75.86,273.37,YES,NO,,1074.8543,,Hipparcos
2026-04-02,2026-04-03 00:00,2026-04-03 02:00,2026-04-02 22:00,2026-04-03 00:00,West,LPC,LPC,HIP 47173,HIP 47173,144.20407,27.75854,6.96,,8.277,,,5.185,4.493,4.293,63.35,76.53,263.71,YES,NO,,1074.6432,,Hipparcos
2026-04-02,2026-04-03 00:00,2026-04-03 02:00,2026-04-02 22:00,2026-04-03 00:00,West,LPC,LPC,HIP 43100,HIP 43100,131.66665,28.76517,6.58,,6.586,,,6.445,6.474,6.449,52.62,65.7,277.73,NO,NO,,1077.3226,carried_over; partial_visibility,Hipparcos
2026-04-02,2026-04-03 00:00,2026-04-03 02:00,2026-04-02 22:00,2026-04-03 00:00,West,LPC,LPC,HIP 42294,HIP 42294,129.34208,28.29452,6.63,,7.524,,,5.095,4.702,4.591,50.52,63.62,277.05,NO,NO,,1075.198,carried_over; partial_visibility,Hipparcos
2026-04-02,2026-04-03 00:00,2026-04-03 02:00,2026-04-02 22:00,2026-04-03 00:00,West,NGS,NGS_FAINT,HIP 46146,HIP 46146,141.16366,26.18244,4.47,,5.849,,,2.464,1.765,1.688,60.4,73.57,262.58,YES,NO,,1071.3442,,Hipparcos
2026-04-02,2026-04-03 00:00,2026-04-03 02:00,2026-04-02 22:00,2026-04-03 00:00,West,NGS,NGS_FAINT,HIP 43103,HIP 43103,131.67431,28.76001,4.03,,5.113,,,2.368,1.941,1.831,52.62,65.71,277.71,NO,NO,,1077.3393,carried_over; partial_visibility,Hipparcos
2026-04-02,2026-04-03 01:00,2026-04-03 03:00,2026-04-02 23:00,2026-04-03 01:00,East,LPC,LPC,HIP 62576,HIP 62576,192.32297,27.55233,5.76,,5.809,,,5.595,5.625,5.617,61.02,74.23,91.05,YES,NO,,1073.9157,,Hipparcos
2026-04-02,2026-04-03 01:00,2026-04-03 03:00,2026-04-02 23:00,2026-04-03 01:00,East,LPC,LPC,HIP 60123,HIP 60123,184.96097,28.46438,6.64,,6.823,,,6.209,6.192,6.135,67.59,79.9,114.97,YES,NO,,1072.4047,,Hipparcos
2026-04-02,2026-04-03 01:00,2026-04-03 03:00,2026-04-02 23:00,2026-04-03 01:00,East,NGS,NGS_FAINT,HIP 62763,HIP 62763,192.9247,27.54073,4.93,,5.628,,,3.629,3.367,3.26,60.49,73.7,90.5,YES,NO,,1073.5523,,Hipparcos
2026-04-02,2026-04-03 01:00,2026-04-03 03:00,2026-04-02 23:00,2026-04-03 01:00,North,LPC,LPC,HIP 55086,HIP 55086,169.17469,49.47628,5.88,,7.102,,,4.212,3.661,3.606,63.85,67.47,240.81,YES,NO,,1031.7104,,Hipparcos
2026-04-02,2026-04-03 01:00,2026-04-03 03:00,2026-04-02 23:00,2026-04-03 01:00,North,LPC,LPC,HIP 56784,HIP 56784,174.63472,33.62586,6.29,,7.76,,,3.735,3.162,2.954,75.99,80.91,166.78,YES,NO,,1030.879,,Hipparcos
2026-04-02,2026-04-03 01:00,2026-04-03 03:00,2026-04-02 23:00,2026-04-03 01:00,North,NGS,NGS_MEDIUM,Phecda,HIP 58001,178.45726,53.69473,2.41,,2.473,,,2.381,2.487,2.429,61.15,63.69,143.53,YES,NO,,1020.6287,,Hipparcos
2026-04-02,2026-04-03 01:00,2026-04-03 03:00,2026-04-02 23:00,2026-04-03 01:00,South,LPC,LPC,HIP 57779,HIP 57779,177.73093,12.27897,6.37,,6.66,,,5.802,5.75,5.712,66.49,71.49,170.76,YES,NO,1.52,1162.9251,,Hipparcos
2026-04-02,2026-04-03 01:00,2026-04-03 03:00,2026-04-02 23:00,2026-04-03 01:00,South,LPC,LPC,HIP 57606,HIP 57606,177.16154,14.2842,5.9,,6.194,,,5.269,5.162,5.115,68.3,73.34,171.77,YES,NO,3.39,1156.7896,,Hipparcos
2026-04-02,2026-04-03 01:00,2026-04-03 03:00,2026-04-02 23:00,2026-04-03 01:00,South,NGS,NGS_FAINT,HIP 57328,HIP 57328,176.32085,8.25817,4.84,,5.024,,,4.634,4.542,4.409,64.29,67.95,175.46,YES,NO,2.83,1154.6186,,Hipparcos
2026-04-02,2026-04-03 01:00,2026-04-03 03:00,2026-04-02 23:00,2026-04-03 01:00,South,NGS,NGS_MEDIUM,Spica,HIP 57632,177.26616,14.57234,2.14,,2.276,,,,,,68.42,73.58,171.35,YES,NO,3.61,1155.9834,,Hipparcos
2026-04-02,2026-04-03 01:00,2026-04-03 03:00,2026-04-02 23:00,2026-04-03 01:00,West,LPC,LPC,HIP 51781,HIP 51781,158.70801,27.96178,6.82,,7.996,,,5.022,4.513,4.418,62.9,76.1,268.33,YES,NO,,1075.595,,Hipparcos
2026-04-02,2026-04-03 01:00,2026-04-03 03:00,2026-04-02 23:00,2026-04-03 01:00,West,LPC,LPC,HIP 53345,HIP 53345,163.64759,29.63019,6.53,,7.094,,,5.494,5.314,5.23,67.38,79.58,251.13,YES,NO,,1073.9181,,Hipparcos
2026-04-02,2026-04-03 01:00,2026-04-03 03:00,2026-04-02 23:00,2026-04-03 01:00,West,LPC,LPC,HIP 46891,HIP 46891,143.32633,28.36802,6.5,,6.647,,,6.17,6.148,6.118,49.61,62.7,277.45,NO,NO,,1074.8543,carried_over; partial_visibility,Hipparcos
2026-04-02,2026-04-03 01:00,2026-04-03 03:00,2026-04-02 23:00,2026-04-03 01:00,West,LPC,LPC,HIP 47173,HIP 47173,144.20407,27.75854,6.96,,8.277,,,5.185,4.493,4.293,50.24,63.37,275.72,NO,NO,,1074.6432,carried_over; partial_visibility,Hipparcos
2026-04-02,2026-04-03 01:00,2026-04-03 03:00,2026-04-02 23:00,2026-04-03 01:00,West,NGS,NGS_FAINT,HIP 46146,HIP 46146,141.16366,26.18244,4.47,,5.849,,,2.464,1.765,1.688,47.24,60.42,273.24,NO,NO,,1071.3442,carried_over; partial_visibility,Hipparcos
2026-04-02,2026-04-03 02:00,2026-04-03 04:00,2026-04-03 00:00,2026-04-03 02:00,East,LPC,LPC,HIP 66725,HIP 66725,205.16301,28.06514,6.22,,7.69,,,4.113,3.424,3.243,63.04,76.24,91.18,YES,NO,,1075.8896,,Hipparcos
2026-04-02,2026-04-03 02:00,2026-04-03 04:00,2026-04-03 00:00,2026-04-03 02:00,East,LPC,LPC,HIP 68103,HIP 68103,209.14234,27.4922,5.02,,6.642,,,2.716,1.931,1.769,59.48,72.68,89.74,YES,NO,,1072.6047,,Hipparcos
2026-04-02,2026-04-03 02:00,2026-04-03 04:00,2026-04-03 00:00,2026-04-03 02:00,East,NGS,NGS_FAINT,HIP 64394,HIP 64394,197.97051,27.87604,4.23,,4.859,,,,,,69.31,80.86,132.18,YES,NO,,1068.2028,,Hipparcos
2026-04-02,2026-04-03 02:00,2026-04-03 04:00,2026-04-03 00:00,2026-04-03 02:00,North,LPC,LPC,HIP 60791,HIP 60791,186.88812,41.35508,6.51,,7.083,,,5.271,4.92,4.849,70.63,74.96,214.78,YES,NO,,1031.3925,,Hipparcos
2026-04-02,2026-04-03 02:00,2026-04-03 04:00,2026-04-03 00:00,2026-04-03 02:00,North,LPC,LPC,HIP 61995,HIP 61995,190.57454,33.68884,6.64,,7.84,,,,,,75.27,80.85,170.28,YES,NO,,1029.7662,,Hipparcos
2026-04-02,2026-04-03 02:00,2026-04-03 04:00,2026-04-03 00:00,2026-04-03 02:00,North,NGS,NGS_FAINT,HIP 61317,HIP 61317,188.43789,41.35677,4.24,,4.871,,,,,,71.55,75.06,191.02,YES,NO,,1024.3668,,Hipparcos
2026-04-02,2026-04-03 02:00,2026-04-03 04:00,2026-04-03 00:00,2026-04-03 02:00,South,LPC,LPC,HIP 63081,HIP 63081,193.87641,11.49588,6.91,,8.587,,,2.728,1.853,1.64,65.18,70.63,168.03,YES,NO,0.92,1164.0524,,Hipparcos
2026-04-02,2026-04-03 02:00,2026-04-03 04:00,2026-04-03 00:00,2026-04-03 02:00,South,LPC,LPC,HIP 62394,HIP 62394,191.80673,11.95813,6.11,,6.25,,,5.75,5.717,5.694,66.9,71.31,173.6,YES,NO,1.77,1162.412,,Hipparcos
2026-04-02,2026-04-03 02:00,2026-04-03 04:00,2026-04-03 00:00,2026-04-03 02:00,South,NGS,NGS_FAINT,HIP 61960,HIP 61960,190.47086,10.23584,4.88,,4.96,,,4.986,4.761,4.678,66.41,69.83,177.52,YES,NO,2.59,1156.9445,,Hipparcos
2026-04-02,2026-04-03 02:00,2026-04-03 04:00,2026-04-03 00:00,2026-04-03 02:00,South,NGS,NGS_MEDIUM,HIP 63608,HIP 63608,195.54484,10.9591,2.85,,3.87,,,,,,63.65,69.83,163.84,YES,NO,2.12,1156.4129,,Hipparcos
2026-04-02,2026-04-03 02:00,2026-04-03 04:00,2026-04-03 00:00,2026-04-03 02:00,West,LPC,LPC,HIP 56601,HIP 56601,174.07475,27.7813,5.8,,6.074,,,5.289,5.292,5.208,63.14,76.32,265.15,YES,NO,,1074.8691,,Hipparcos
2026-04-02,2026-04-03 02:00,2026-04-03 04:00,2026-04-03 00:00,2026-04-03 02:00,West,LPC,LPC,HIP 56178,HIP 56178,172.72891,28.45157,6.74,,8.461,,,3.556,2.721,2.386,62.06,75.24,274.07,YES,NO,,1074.0206,,Hipparcos
2026-04-02,2026-04-03 02:00,2026-04-03 04:00,2026-04-03 00:00,2026-04-03 02:00,West,LPC,LPC,HIP 51781,HIP 51781,158.70801,27.96178,6.82,,7.996,,,5.022,4.513,4.418,49.8,62.92,276.33,NO,NO,,1075.595,carried_over; partial_visibility,Hipparcos
2026-04-02,2026-04-03 02:00,2026-04-03 04:00,2026-04-03 00:00,2026-04-03 02:00,West,LPC,LPC,HIP 53345,HIP 53345,163.64759,29.63019,6.53,,7.094,,,5.494,5.314,5.23,54.36,67.39,279.84,NO,NO,,1073.9181,carried_over; partial_visibility,Hipparcos
2026-04-02,2026-04-03 02:00,2026-04-03 04:00,2026-04-03 00:00,2026-04-03 02:00,West,NGS,NGS_FAINT,HIP 60742,HIP 60742,186.7347,28.26862,4.35,,5.606,,,2.62,2.048,1.81,74.29,82.63,198.81,YES,NO,,1061.2714,,Hipparcos
2026-04-02,2026-04-03 03:00,2026-04-03 05:00,2026-04-03 01:00,2026-04-03 03:00,East,LPC,LPC,HIP 70236,HIP 70236,215.55845,29.36998,6.5,,8.212,,,1.608,0.717,0.431,67.25,79.55,110.33,YES,NO,,1073.4515,,Hipparcos
2026-04-02,2026-04-03 03:00,2026-04-03 05:00,2026-04-03 01:00,2026-04-03 03:00,East,LPC,LPC,HIP 72552,HIP 72552,222.49328,28.61583,5.8,,5.866,,,5.589,5.61,5.588,61.14,74.31,84.49,YES,NO,,1072.6533,,Hipparcos
2026-04-02,2026-04-03 03:00,2026-04-03 05:00,2026-04-03 01:00,2026-04-03 03:00,East,NGS,NGS_FAINT,HIP 71284,HIP 71284,218.66954,29.74481,4.47,,4.843,,,3.561,3.462,3.336,64.58,77.42,95.15,YES,NO,,1075.8801,,Hipparcos
2026-04-02,2026-04-03 03:00,2026-04-03 05:00,2026-04-03 01:00,2026-04-03 03:00,East,NGS,NGS_MEDIUM,HIP 72105,HIP 72105,221.24688,27.07417,2.35,,3.398,,,0.65,0.128,0.122,61.99,75.18,95.76,YES,NO,,1073.4472,,Hipparcos
2026-04-02,2026-04-03 03:00,2026-04-03 05:00,2026-04-03 01:00,2026-04-03 03:00,North,LPC,LPC,HIP 66690,HIP 66690,205.06512,31.01181,6.21,,7.27,,,4.623,4.052,3.903,76.29,82.25,168.29,YES,NO,,1031.7618,,Hipparcos
2026-04-02,2026-04-03 03:00,2026-04-03 05:00,2026-04-03 01:00,2026-04-03 03:00,North,LPC,LPC,HIP 64906,HIP 64906,199.56059,49.68202,5.14,,5.088,,,5.147,5.262,5.244,63.8,67.3,241.24,YES,NO,,1031.6744,,Hipparcos
2026-04-02,2026-04-03 03:00,2026-04-03 05:00,2026-04-03 01:00,2026-04-03 03:00,North,NGS,NGS_BRIGHT,Alcor,HIP 67301,206.88561,49.3133,1.85,,1.744,,,2.228,2.408,2.265,65.28,67.88,169.79,YES,NO,,1016.9444,,Hipparcos
2026-04-02,2026-04-03 03:00,2026-04-03 05:00,2026-04-03 01:00,2026-04-03 03:00,North,NGS,NGS_FAINT,HIP 66458,HIP 66458,204.3654,36.29484,4.82,,5.143,,,4.036,4.026,4.149,74.89,79.11,192.99,YES,NO,,1029.0112,,Hipparcos
2026-04-02,2026-04-03 03:00,2026-04-03 05:00,2026-04-03 01:00,2026-04-03 03:00,North,NGS,NGS_MEDIUM,HIP 65477,HIP 65477,201.3059,54.988,3.99,,4.195,,,3.291,3.295,3.145,60.31,62.51,217.57,YES,NO,,1019.7769,,Hipparcos
2026-04-02,2026-04-03 03:00,2026-04-03 05:00,2026-04-03 01:00,2026-04-03 03:00,South,LPC,LPC,HIP 67674,HIP 67674,207.96592,10.13598,6.57,,8.291,,,3.912,3.058,2.894,64.82,69.55,171.08,YES,NO,0.58,1165.4992,,Hipparcos
2026-04-02,2026-04-03 03:00,2026-04-03 05:00,2026-04-03 01:00,2026-04-03 03:00,South,LPC,LPC,HIP 67673,HIP 67673,207.96286,11.93714,6.9,,7.319,,,6.107,6.001,5.884,66.16,71.18,170.5,YES,NO,1.2,1164.0298,,Hipparcos
2026-04-02,2026-04-03 03:00,2026-04-03 05:00,2026-04-03 01:00,2026-04-03 03:00,South,NGS,NGS_FAINT,HIP 67459,HIP 67459,207.36957,15.79781,4.05,,5.755,,,1.218,0.438,0.435,69.24,74.66,170.91,YES,NO,4.66,1152.625,,Hipparcos
2026-04-02,2026-04-03 03:00,2026-04-03 05:00,2026-04-03 01:00,2026-04-03 03:00,West,LPC,LPC,HIP 62576,HIP 62576,192.32297,27.55233,5.76,,5.809,,,5.595,5.625,5.617,65.89,78.65,246.97,YES,NO,,1071.7388,,Hipparcos
2026-04-02,2026-04-03 03:00,2026-04-03 05:00,2026-04-03 01:00,2026-04-03 03:00,West,LPC,LPC,HIP 60880,HIP 60880,187.15902,26.22697,6.52,,6.713,,,6.137,6.022,5.994,61.13,74.27,261.1,YES,NO,,1071.6039,,Hipparcos
2026-04-02,2026-04-03 03:00,2026-04-03 05:00,2026-04-03 01:00,2026-04-03 03:00,West,LPC,LPC,HIP 56601,HIP 56601,174.07475,27.7813,5.8,,6.074,,,5.289,5.292,5.208,50.03,63.16,275.78,NO,NO,,1074.8691,carried_over; partial_visibility,Hipparcos
2026-04-02,2026-04-03 03:00,2026-04-03 05:00,2026-04-03 01:00,2026-04-03 03:00,West,LPC,LPC,HIP 56178,HIP 56178,172.72891,28.45157,6.74,,8.461,,,3.556,2.721,2.386,49.0,62.08,277.75,NO,NO,,1074.0206,carried_over; partial_visibility,Hipparcos
2026-04-02,2026-04-03 03:00,2026-04-03 05:00,2026-04-03 01:00,2026-04-03 03:00,West,NGS,NGS_FAINT,HIP 60697,HIP 60697,186.60031,27.26826,4.92,,5.202,,,4.409,4.235,4.149,60.83,74.04,267.54,YES,NO,,1073.3013,,Hipparcos
2026-04-02,2026-04-03 03:00,2026-04-03 05:00,2026-04-03 01:00,2026-04-03 03:00,West,NGS,NGS_FAINT,HIP 60742,HIP 60742,186.7347,28.26862,4.35,,5.606,,,2.62,2.048,1.81,61.11,74.3,273.2,YES,NO,,1061.2714,carried_over,Hipparcos
2026-04-02,2026-04-03 04:00,2026-04-03 06:00,2026-04-03 02:00,2026-04-03 04:00,East,LPC,LPC,HIP 77442,HIP 77442,237.1434,28.15678,5.89,,6.516,,,5.364,5.089,4.564,61.44,74.63,87.29,YES,NO,,1073.8153,,Hipparcos
2026-04-02,2026-04-03 04:00,2026-04-03 06:00,2026-04-03 02:00,2026-04-03 04:00,East,LPC,LPC,HIP 79219,HIP 79219,242.51636,26.74266,6.57,,7.724,,,5.0,4.418,4.122,56.49,69.7,90.3,YES,NO,,1069.6123,,Hipparcos
2026-04-02,2026-04-03 04:00,2026-04-03 06:00,2026-04-03 02:00,2026-04-03 04:00,East,LPC,LPC,HIP 72552,HIP 72552,222.49328,28.61583,5.8,,5.866,,,5.589,5.61,5.588,74.3,82.64,155.83,YES,NO,,1072.6533,carried_over,Hipparcos
2026-04-02,2026-04-03 04:00,2026-04-03 06:00,2026-04-03 02:00,2026-04-03 04:00,East,NGS,NGS_FAINT,HIP 78159,HIP 78159,239.39709,26.87803,4.14,,5.521,,,2.104,1.488,1.349,59.25,72.46,92.17,YES,NO,,1071.8062,,Hipparcos
2026-04-02,2026-04-03 04:00,2026-04-03 06:00,2026-04-03 02:00,2026-04-03 04:00,East,NGS,NGS_MEDIUM,HIP 76952,HIP 76952,235.68599,26.29551,3.81,,3.837,,,3.62,3.691,3.67,62.39,75.49,101.81,YES,NO,,1071.9428,,Hipparcos
2026-04-02,2026-04-03 04:00,2026-04-03 06:00,2026-04-03 02:00,2026-04-03 04:00,North,LPC,LPC,HIP 70685,HIP 70685,216.86465,41.02496,6.64,,7.015,,,5.829,5.702,5.669,70.7,75.2,214.22,YES,NO,,1031.4665,,Hipparcos
2026-04-02,2026-04-03 04:00,2026-04-03 06:00,2026-04-03 02:00,2026-04-03 04:00,North,LPC,LPC,HIP 69818,HIP 69818,214.33817,51.30739,6.19,,6.258,,,6.023,5.986,5.977,62.45,65.76,241.48,YES,NO,,1030.2034,,Hipparcos
2026-04-02,2026-04-03 04:00,2026-04-03 06:00,2026-04-03 02:00,2026-04-03 04:00,North,NGS,NGS_FAINT,HIP 69713,HIP 69713,214.04196,51.36701,4.75,,4.982,,,4.638,4.32,4.293,62.29,65.67,241.09,YES,NO,,1029.9959,,Hipparcos
2026-04-02,2026-04-03 04:00,2026-04-03 06:00,2026-04-03 02:00,2026-04-03 04:00,North,NGS,NGS_MEDIUM,HIP 71075,HIP 71075,218.01982,38.30788,3.04,,3.256,,,2.646,2.571,2.511,72.93,77.51,188.78,YES,NO,,1026.146,,Hipparcos
2026-04-02,2026-04-03 04:00,2026-04-03 06:00,2026-04-03 02:00,2026-04-03 04:00,South,LPC,LPC,HIP 72499,HIP 72499,222.35912,10.04436,6.64,,8.044,,,4.808,4.084,3.95,65.19,69.56,172.81,YES,NO,1.07,1163.7089,,Hipparcos
2026-04-02,2026-04-03 04:00,2026-04-03 06:00,2026-04-03 02:00,2026-04-03 04:00,South,LPC,LPC,HIP 73028,HIP 73028,223.8692,12.43087,6.78,,6.825,,,6.646,6.721,6.673,65.94,71.52,167.89,YES,NO,1.67,1161.3704,,Hipparcos
2026-04-02,2026-04-03 04:00,2026-04-03 06:00,2026-04-03 02:00,2026-04-03 04:00,South,NGS,NGS_FAINT,HIP 71832,HIP 71832,220.41149,8.16176,4.86,,5.964,,,3.361,2.761,2.621,64.84,67.94,178.06,YES,NO,3.54,1150.7833,,Hipparcos
2026-04-02,2026-04-03 04:00,2026-04-03 06:00,2026-04-03 02:00,2026-04-03 04:00,South,NGS,NGS_MEDIUM,HIP 71795,HIP 71795,220.28717,13.72833,3.78,,3.853,,,3.738,3.747,3.697,69.3,73.02,178.03,YES,NO,3.94,1154.216,,Hipparcos
2026-04-02,2026-04-03 04:00,2026-04-03 06:00,2026-04-03 02:00,2026-04-03 04:00,West,LPC,LPC,HIP 66725,HIP 66725,205.16301,28.06514,6.22,,7.69,,,4.113,3.424,3.243,64.02,77.15,259.85,YES,NO,,1074.1072,,Hipparcos
2026-04-02,2026-04-03 04:00,2026-04-03 06:00,2026-04-03 02:00,2026-04-03 04:00,West,LPC,LPC,HIP 68055,HIP 68055,209.01993,28.67252,6.99,,7.038,,,6.837,6.873,6.839,67.47,79.8,247.09,YES,NO,,1072.9248,,Hipparcos
2026-04-02,2026-04-03 04:00,2026-04-03 06:00,2026-04-03 02:00,2026-04-03 04:00,West,LPC,LPC,HIP 62576,HIP 62576,192.32297,27.55233,5.76,,5.809,,,5.595,5.625,5.617,52.74,65.91,274.11,NO,NO,,1071.7388,carried_over; partial_visibility,Hipparcos
2026-04-02,2026-04-03 04:00,2026-04-03 06:00,2026-04-03 02:00,2026-04-03 04:00,West,LPC,LPC,HIP 60880,HIP 60880,187.15902,26.22697,6.52,,6.713,,,6.137,6.022,5.994,47.96,61.14,272.91,NO,NO,,1071.6039,carried_over; partial_visibility,Hipparcos
2026-04-02,2026-04-03 04:00,2026-04-03 06:00,2026-04-03 02:00,2026-04-03 04:00,West,NGS,NGS_FAINT,HIP 60697,HIP 60697,186.60031,27.26826,4.92,,5.202,,,4.409,4.235,4.149,47.72,60.86,275.43,NO,NO,,1073.3013,carried_over; partial_visibility,Hipparcos
2026-04-02,2026-04-03 05:00,2026-04-03 07:00,2026-04-03 03:00,2026-04-03 05:00,East,LPC,LPC,HIP 81729,HIP 81729,250.40291,26.91699,5.92,,6.328,,,5.141,4.938,4.859,62.81,75.95,99.24,YES,NO,,1073.1813,,Hipparcos
2026-04-02,2026-04-03 05:00,2026-04-03 07:00,2026-04-03 03:00,2026-04-03 05:00,East,LPC,LPC,HIP 81426,HIP 81426,249.45422,27.04392,6.96,,8.845,,,3.218,2.384,2.044,63.66,76.75,102.58,YES,NO,,1072.9768,,Hipparcos
2026-04-02,2026-04-03 05:00,2026-04-03 07:00,2026-04-03 03:00,2026-04-03 05:00,East,LPC,LPC,HIP 77442,HIP 77442,237.1434,28.15678,5.89,,6.516,,,5.364,5.089,4.564,74.62,82.68,167.14,YES,NO,,1073.8153,carried_over,Hipparcos
2026-04-02,2026-04-03 05:00,2026-04-03 07:00,2026-04-03 03:00,2026-04-03 05:00,East,NGS,NGS_MEDIUM,HIP 84379,HIP 84379,258.75802,24.83959,3.12,,3.226,,,2.834,2.976,2.808,55.02,68.21,95.45,YES,NO,,1066.5783,,Hipparcos
2026-04-02,2026-04-03 05:00,2026-04-03 07:00,2026-04-03 03:00,2026-04-03 05:00,North,LPC,LPC,HIP 76617,HIP 76617,234.70357,34.67508,6.12,,7.277,,,4.325,3.849,3.773,75.71,80.21,193.72,YES,NO,,1030.3295,,Hipparcos
2026-04-02,2026-04-03 05:00,2026-04-03 07:00,2026-04-03 03:00,2026-04-03 05:00,North,LPC,LPC,HIP 74690,HIP 74690,228.96118,50.93857,6.47,,7.389,,,4.888,4.524,4.424,62.52,66.02,240.68,YES,NO,,1030.2265,,Hipparcos
2026-04-02,2026-04-03 05:00,2026-04-03 07:00,2026-04-03 03:00,2026-04-03 05:00,North,NGS,NGS_FAINT,HIP 76669,HIP 76669,234.84452,36.63583,4.64,,4.498,,,4.726,5.307,5.296,74.82,78.83,166.5,YES,NO,,1028.88,,Hipparcos
2026-04-02,2026-04-03 05:00,2026-04-03 07:00,2026-04-03 03:00,2026-04-03 05:00,South,LPC,LPC,HIP 77506,HIP 77506,237.39156,12.55864,6.69,,7.766,,,5.044,4.477,4.455,67.1,71.87,172.18,YES,NO,2.0,1161.5195,,Hipparcos
2026-04-02,2026-04-03 05:00,2026-04-03 07:00,2026-04-03 03:00,2026-04-03 05:00,South,LPC,LPC,HIP 77455,HIP 77455,237.21039,12.72364,6.79,,6.815,,,6.686,6.694,6.698,67.34,72.03,172.65,YES,NO,2.21,1160.8802,,Hipparcos
2026-04-02,2026-04-03 05:00,2026-04-03 07:00,2026-04-03 03:00,2026-04-03 05:00,South,NGS,NGS_FAINT,HIP 77257,HIP 77257,236.61144,7.35324,4.42,,5.056,,,,,,63.55,67.16,175.32,YES,NO,3.44,1151.2772,,Hipparcos
2026-04-02,2026-04-03 05:00,2026-04-03 07:00,2026-04-03 03:00,2026-04-03 05:00,South,NGS,NGS_MEDIUM,HIP 77233,HIP 77233,236.54673,15.42193,3.65,,3.741,,,3.44,3.539,3.546,69.69,74.47,173.99,YES,NO,4.63,1153.5093,,Hipparcos
2026-04-02,2026-04-03 05:00,2026-04-03 07:00,2026-04-03 03:00,2026-04-03 05:00,West,LPC,LPC,HIP 70385,HIP 70385,216.00826,27.41319,6.39,,8.196,,,3.176,2.413,2.171,60.24,73.45,269.2,YES,NO,,1073.2105,,Hipparcos
2026-04-02,2026-04-03 05:00,2026-04-03 07:00,2026-04-03 03:00,2026-04-03 05:00,West,LPC,LPC,HIP 71094,HIP 71094,218.08447,26.67734,6.0,,6.244,,,5.476,5.426,5.373,61.93,75.09,261.81,YES,NO,,1072.6317,,Hipparcos
2026-04-02,2026-04-03 05:00,2026-04-03 07:00,2026-04-03 03:00,2026-04-03 05:00,West,LPC,LPC,HIP 66725,HIP 66725,205.16301,28.06514,6.22,,7.69,,,4.113,3.424,3.243,50.92,64.04,276.22,NO,NO,,1074.1072,carried_over; partial_visibility,Hipparcos
2026-04-02,2026-04-03 05:00,2026-04-03 07:00,2026-04-03 03:00,2026-04-03 05:00,West,LPC,LPC,HIP 68055,HIP 68055,209.01993,28.67252,6.99,,7.038,,,6.837,6.873,6.839,54.37,67.48,276.93,NO,NO,,1072.9248,carried_over; partial_visibility,Hipparcos
2026-04-02,2026-04-03 05:00,2026-04-03 07:00,2026-04-03 03:00,2026-04-03 05:00,West,NGS,NGS_FAINT,HIP 71995,HIP 71995,220.85572,26.52789,4.8,,6.682,,,1.477,0.536,0.381,64.34,77.24,250.82,YES,NO,,1071.4902,,Hipparcos
2026-04-02,2026-04-03 05:00,2026-04-03 07:00,2026-04-03 03:00,2026-04-03 05:00,West,NGS,NGS_MEDIUM,HIP 72105,HIP 72105,221.24688,27.07417,2.35,,3.398,,,0.65,0.128,0.122,64.78,77.7,251.5,YES,NO,,1072.1496,,Hipparcos
2026-04-02,2026-04-03 06:00,2026-04-03 07:00,2026-04-03 04:00,2026-04-03 05:00,East,LPC,LPC,HIP 82510,HIP 82510,252.95874,28.6663,6.62,,7.212,,,5.729,5.575,5.504,73.99,80.59,84.79,YES,NO,,1079.0228,,Hipparcos
2026-04-02,2026-04-03 06:00,2026-04-03 07:00,2026-04-03 04:00,2026-04-03 05:00,East,LPC,LPC,HIP 83274,HIP 83274,255.29013,27.19667,6.57,,6.984,,,5.742,5.554,5.535,71.79,78.4,93.71,YES,NO,,1077.2823,,Hipparcos
2026-04-02,2026-04-03 06:00,2026-04-03 07:00,2026-04-03 04:00,2026-04-03 05:00,East,LPC,LPC,HIP 81729,HIP 81729,250.40291,26.91699,5.92,,6.328,,,5.141,4.938,4.859,76.04,82.5,108.76,YES,NO,,1073.1813,carried_over,Hipparcos
2026-04-02,2026-04-03 06:00,2026-04-03 07:00,2026-04-03 04:00,2026-04-03 05:00,East,LPC,LPC,HIP 81426,HIP 81426,249.45422,27.04392,6.96,,8.845,,,3.218,2.384,2.044,76.89,83.25,114.93,YES,NO,,1072.9768,carried_over,Hipparcos
2026-04-02,2026-04-03 06:00,2026-04-03 07:00,2026-04-03 04:00,2026-04-03 05:00,East,NGS,NGS_FAINT,HIP 85693,HIP 85693,262.68458,26.1106,4.41,,6.001,,,2.158,1.443,1.287,65.09,71.71,92.61,YES,NO,,1070.9231,,Hipparcos
2026-04-02,2026-04-03 06:00,2026-04-03 07:00,2026-04-03 04:00,2026-04-03 05:00,East,NGS,NGS_MEDIUM,HIP 86974,HIP 86974,266.6155,27.7225,3.42,,4.229,,,,,,61.93,68.52,85.83,YES,NO,,1067.2726,,Hipparcos
2026-04-02,2026-04-03 06:00,2026-04-03 07:00,2026-04-03 04:00,2026-04-03 05:00,East,NGS,NGS_MEDIUM,HIP 84379,HIP 84379,258.75802,24.83959,3.12,,3.226,,,2.834,2.976,2.808,68.25,74.8,100.8,YES,NO,,1066.5783,carried_over,Hipparcos
2026-04-02,2026-04-03 06:00,2026-04-03 07:00,2026-04-03 04:00,2026-04-03 05:00,North,LPC,LPC,HIP 80809,HIP 80809,247.52533,48.96123,6.44,,6.466,,,6.384,6.397,6.385,67.2,68.68,60.65,YES,NO,,1050.4853,,Hipparcos
2026-04-02,2026-04-03 06:00,2026-04-03 07:00,2026-04-03 04:00,2026-04-03 05:00,North,LPC,LPC,HIP 81113,HIP 81113,248.49658,52.23795,6.84,,7.941,,,5.175,4.812,4.635,64.04,65.41,60.36,YES,NO,,1047.3051,,Hipparcos
2026-04-02,2026-04-03 06:00,2026-04-03 07:00,2026-04-03 04:00,2026-04-03 05:00,North,NGS,NGS_FAINT,HIP 79119,HIP 79119,242.24304,36.49011,4.73,,5.859,,,,,,79.69,80.89,205.59,YES,NO,,1034.564,,Hipparcos
2026-04-02,2026-04-03 06:00,2026-04-03 07:00,2026-04-03 04:00,2026-04-03 05:00,North,NGS,NGS_MEDIUM,HIP 79992,HIP 79992,244.9352,46.31327,3.91,,3.742,,,3.927,4.085,4.285,70.36,71.52,108.42,YES,NO,,1038.9925,,Hipparcos
2026-04-02,2026-04-03 06:00,2026-04-03 07:00,2026-04-03 04:00,2026-04-03 05:00,South,LPC,LPC,HIP 80479,HIP 80479,246.41955,9.37064,6.73,,8.341,,,4.585,3.61,3.507,68.03,70.06,167.99,YES,NO,0.69,1164.5679,,Hipparcos
2026-04-02,2026-04-03 06:00,2026-04-03 07:00,2026-04-03 04:00,2026-04-03 05:00,South,LPC,LPC,HIP 80372,HIP 80372,246.10055,10.25435,6.93,,8.699,,,4.145,3.317,3.161,68.96,70.96,168.46,YES,NO,1.09,1163.6922,,Hipparcos
2026-04-02,2026-04-03 06:00,2026-04-03 07:00,2026-04-03 04:00,2026-04-03 05:00,South,NGS,NGS_FAINT,HIP 81008,HIP 81008,248.15166,11.48823,4.84,,6.533,,,2.191,1.414,1.268,68.94,71.69,161.64,YES,NO,3.22,1152.8208,,Hipparcos
2026-04-02,2026-04-03 06:00,2026-04-03 07:00,2026-04-03 04:00,2026-04-03 05:00,South,NGS,NGS_MEDIUM,HIP 80170,HIP 80170,245.48018,19.15302,3.74,,4.038,,,3.269,3.118,2.944,76.51,79.39,164.23,YES,NO,9.5,1138.3492,,Hipparcos
2026-04-02,2026-04-03 06:00,2026-04-03 07:00,2026-04-03 04:00,2026-04-03 05:00,West,LPC,LPC,HIP 74893,HIP 74893,229.58414,26.8402,6.59,,7.476,,,5.493,5.212,5.153,72.07,78.66,263.4,YES,NO,,1076.6827,,Hipparcos
2026-04-02,2026-04-03 06:00,2026-04-03 07:00,2026-04-03 04:00,2026-04-03 05:00,West,LPC,LPC,HIP 75049,HIP 75049,230.03599,29.61631,5.51,,6.633,,,3.651,3.169,2.934,72.71,79.24,280.97,YES,NO,,1075.9501,,Hipparcos
2026-04-02,2026-04-03 06:00,2026-04-03 07:00,2026-04-03 04:00,2026-04-03 05:00,West,LPC,LPC,HIP 70385,HIP 70385,216.00826,27.41319,6.39,,8.196,,,3.176,2.413,2.171,60.24,66.84,273.66,YES,NO,,1073.2105,carried_over,Hipparcos
2026-04-02,2026-04-03 06:00,2026-04-03 07:00,2026-04-03 04:00,2026-04-03 05:00,West,LPC,LPC,HIP 71094,HIP 71094,218.08447,26.67734,6.0,,6.244,,,5.476,5.426,5.373,61.93,68.54,270.84,YES,NO,,1072.6317,carried_over,Hipparcos
2026-04-02,2026-04-03 06:00,2026-04-03 07:00,2026-04-03 04:00,2026-04-03 05:00,West,NGS,NGS_FAINT,HIP 73745,HIP 73745,226.1119,26.94766,4.52,,5.93,,,2.438,1.803,1.672,69.03,75.65,267.3,YES,NO,,1074.8348,,Hipparcos
2026-04-02,2026-04-03 06:00,2026-04-03 07:00,2026-04-03 04:00,2026-04-03 05:00,West,NGS,NGS_FAINT,HIP 71995,HIP 71995,220.85572,26.52789,4.8,,6.682,,,1.477,0.536,0.381,64.34,70.95,269.01,YES,NO,,1071.4902,carried_over,Hipparcos
2026-04-02,2026-04-03 06:00,2026-04-03 07:00,2026-04-03 04:00,2026-04-03 05:00,West,NGS,NGS_MEDIUM,HIP 75695,HIP 75695,231.95772,29.10549,3.66,,3.977,,,3.598,3.553,3.456,74.38,80.94,278.86,YES,NO,,1078.2858,,Hipparcos
2026-04-02,2026-04-03 06:00,2026-04-03 07:00,2026-04-03 04:00,2026-04-03 05:00,West,NGS,NGS_MEDIUM,HIP 72105,HIP 72105,221.24688,27.07417,2.35,,3.398,,,0.65,0.128,0.122,64.78,71.39,270.58,YES,NO,,1072.1496,carried_over,Hipparcos
2026-04-03,2026-04-03 21:00,2026-04-03 23:00,2026-04-03 19:00,2026-04-03 21:00,East,LPC,LPC,HIP 43129,HIP 43129,131.78046,28.16194,6.6,,7.301,,,5.42,5.147,5.07,62.25,75.45,87.97,YES,NO,,1074.8422,,Hipparcos
2026-04-03,2026-04-03 21:00,2026-04-03 23:00,2026-04-03 19:00,2026-04-03 21:00,East,LPC,LPC,HIP 42294,HIP 42294,129.34208,28.29452,6.63,,7.524,,,5.095,4.702,4.591,64.4,77.47,100.73,YES,NO,,1074.2544,,Hipparcos
2026-04-03,2026-04-03 21:00,2026-04-03 23:00,2026-04-03 19:00,2026-04-03 21:00,East,NGS,NGS_FAINT,HIP 43103,HIP 43103,131.67431,28.76001,4.03,,5.113,,,2.368,1.941,1.831,62.42,75.58,82.96,YES,NO,,1073.4649,,Hipparcos
2026-04-03,2026-04-03 21:00,2026-04-03 23:00,2026-04-03 19:00,2026-04-03 21:00,North,LPC,LPC,HIP 37545,HIP 37545,115.5806,30.16787,6.69,,8.217,,,4.438,3.74,3.658,76.46,82.53,167.83,YES,NO,,1032.1784,,Hipparcos
2026-04-03,2026-04-03 21:00,2026-04-03 23:00,2026-04-03 19:00,2026-04-03 21:00,North,LPC,LPC,HIP 37339,HIP 37339,114.97541,32.00982,6.16,,6.542,,,5.404,5.287,5.216,76.29,81.76,192.72,YES,NO,,1031.5803,,Hipparcos
2026-04-03,2026-04-03 21:00,2026-04-03 23:00,2026-04-03 19:00,2026-04-03 21:00,North,NGS,NGS_FAINT,HIP 37265,HIP 37265,114.79149,34.58463,4.89,,5.324,,,4.068,3.917,3.835,75.42,80.25,192.21,YES,NO,,1029.9105,,Hipparcos
2026-04-03,2026-04-03 21:00,2026-04-03 23:00,2026-04-03 19:00,2026-04-03 21:00,South,LPC,LPC,HIP 38682,HIP 38682,118.79598,9.34998,6.81,,8.073,,,4.935,4.382,4.392,64.2,68.87,170.99,YES,NO,1.18,1161.951,,Hipparcos
2026-04-03,2026-04-03 21:00,2026-04-03 23:00,2026-04-03 19:00,2026-04-03 21:00,South,LPC,LPC,HIP 38669,HIP 38669,118.75832,12.56951,6.97,,8.06,,,5.198,4.794,4.616,66.6,71.79,169.98,YES,NO,1.79,1161.7061,,Hipparcos
2026-04-03,2026-04-03 21:00,2026-04-03 23:00,2026-04-03 19:00,2026-04-03 21:00,South,NGS,NGS_BRIGHT,Procyon,HIP 37279,114.82724,5.22751,0.4,,,,,,,,62.58,65.25,181.07,YES,NO,6.33,1136.2841,,Hipparcos
2026-04-03,2026-04-03 21:00,2026-04-03 23:00,2026-04-03 19:00,2026-04-03 21:00,South,NGS,NGS_FAINT,HIP 37908,HIP 37908,116.53122,18.51017,4.89,,6.513,,,2.065,1.277,1.238,72.11,77.12,175.35,YES,NO,7.27,1146.5308,,Hipparcos
2026-04-03,2026-04-03 21:00,2026-04-03 23:00,2026-04-03 19:00,2026-04-03 21:00,South,NGS,NGS_MEDIUM,HIP 37740,HIP 37740,116.11195,24.39813,3.57,,4.603,,,2.051,1.642,1.527,75.22,81.35,175.87,YES,NO,11.43,1137.567,,Hipparcos
2026-04-03,2026-04-03 21:00,2026-04-03 23:00,2026-04-03 19:00,2026-04-03 21:00,West,LPC,LPC,HIP 31852,HIP 31852,99.88802,28.26316,6.02,,5.944,,,6.114,6.165,6.182,63.31,76.5,272.39,YES,NO,,1075.7833,,Hipparcos
2026-04-03,2026-04-03 21:00,2026-04-03 23:00,2026-04-03 19:00,2026-04-03 21:00,West,LPC,LPC,HIP 31434,HIP 31434,98.80026,28.02234,5.26,,5.256,,,5.151,5.21,5.147,62.32,75.52,271.42,YES,NO,,1075.0967,,Hipparcos
2026-04-03,2026-04-03 21:00,2026-04-03 23:00,2026-04-03 19:00,2026-04-03 21:00,West,NGS,NGS_MEDIUM,HIP 36046,HIP 36046,111.43198,27.79829,3.78,,4.921,,,2.195,1.658,1.562,73.37,82.38,201.33,YES,NO,,1061.7789,,Hipparcos
2026-04-03,2026-04-03 22:00,2026-04-04 00:00,2026-04-03 20:00,2026-04-03 22:00,East,LPC,LPC,HIP 46891,HIP 46891,143.32633,28.36802,6.5,,6.647,,,6.17,6.148,6.118,65.34,78.27,101.37,YES,NO,,1074.8615,,Hipparcos
2026-04-03,2026-04-03 22:00,2026-04-04 00:00,2026-04-03 20:00,2026-04-03 22:00,East,LPC,LPC,HIP 47173,HIP 47173,144.20407,27.75854,6.96,,8.277,,,5.185,4.493,4.293,64.49,77.54,103.35,YES,NO,,1073.5348,,Hipparcos
2026-04-03,2026-04-03 22:00,2026-04-04 00:00,2026-04-03 20:00,2026-04-03 22:00,East,LPC,LPC,HIP 43129,HIP 43129,131.78046,28.16194,6.6,,7.301,,,5.42,5.147,5.07,75.44,82.76,172.39,YES,NO,,1074.8422,carried_over,Hipparcos
2026-04-03,2026-04-03 22:00,2026-04-04 00:00,2026-04-03 20:00,2026-04-03 22:00,East,NGS,NGS_MEDIUM,HIP 48455,HIP 48455,148.19149,26.00708,3.88,,5.263,,,1.974,1.327,1.364,60.68,73.83,98.95,YES,NO,,1071.1441,,Hipparcos
2026-04-03,2026-04-03 22:00,2026-04-04 00:00,2026-04-03 20:00,2026-04-03 22:00,North,LPC,LPC,HIP 42538,HIP 42538,130.07631,31.94197,6.21,,6.621,,,5.406,5.261,5.2,76.35,81.81,192.93,YES,NO,,1031.6933,,Hipparcos
2026-04-03,2026-04-03 22:00,2026-04-04 00:00,2026-04-03 20:00,2026-04-03 22:00,North,LPC,LPC,HIP 42503,HIP 42503,129.98488,32.72735,6.7,,7.946,,,4.747,4.35,4.13,76.1,81.4,192.59,YES,NO,,1031.1799,,Hipparcos
2026-04-03,2026-04-03 22:00,2026-04-04 00:00,2026-04-03 20:00,2026-04-03 22:00,North,NGS,NGS_MEDIUM,HIP 44127,HIP 44127,134.80349,48.04235,3.12,,3.358,,,,,,65.18,68.82,146.35,YES,NO,,1024.9146,,Hipparcos
2026-04-03,2026-04-03 22:00,2026-04-04 00:00,2026-04-03 20:00,2026-04-03 22:00,South,LPC,LPC,HIP 43851,HIP 43851,133.98148,11.62606,5.44,,7.105,,,3.15,2.431,2.252,65.78,70.9,169.85,YES,NO,0.9,1164.9624,,Hipparcos
2026-04-03,2026-04-03 22:00,2026-04-04 00:00,2026-04-03 20:00,2026-04-03 22:00,South,LPC,LPC,HIP 43245,HIP 43245,132.15432,10.43301,6.91,,8.663,,,3.419,2.558,2.276,66.07,70.01,175.13,YES,NO,1.75,1161.5685,,Hipparcos
2026-04-03,2026-04-03 22:00,2026-04-04 00:00,2026-04-03 20:00,2026-04-03 22:00,South,NGS,NGS_FAINT,HIP 44066,HIP 44066,134.62165,11.85777,4.26,,4.416,,,3.979,4.027,3.944,65.51,71.01,167.99,YES,NO,1.21,1163.0353,,Hipparcos
2026-04-03,2026-04-03 22:00,2026-04-04 00:00,2026-04-03 20:00,2026-04-03 22:00,South,NGS,NGS_MEDIUM,HIP 42911,HIP 42911,131.17129,18.15486,3.94,,5.142,,,2.209,1.685,1.567,72.19,76.83,176.9,YES,NO,7.09,1146.3975,,Hipparcos
2026-04-03,2026-04-03 22:00,2026-04-04 00:00,2026-04-03 20:00,2026-04-03 22:00,West,LPC,LPC,HIP 38101,HIP 38101,117.12001,28.76425,6.86,,7.95,,,5.162,4.694,4.605,65.27,78.17,263.17,YES,NO,,1076.1234,,Hipparcos
2026-04-03,2026-04-03 22:00,2026-04-04 00:00,2026-04-03 20:00,2026-04-03 22:00,West,LPC,LPC,HIP 39157,HIP 39157,120.13435,29.21519,6.97,,7.751,,,,,,67.93,80.02,253.32,YES,NO,,1075.0126,,Hipparcos
2026-04-03,2026-04-03 22:00,2026-04-04 00:00,2026-04-03 20:00,2026-04-03 22:00,West,LPC,LPC,HIP 31852,HIP 31852,99.88802,28.26316,6.02,,5.944,,,6.114,6.165,6.182,50.23,63.33,277.23,NO,NO,,1075.7833,carried_over; partial_visibility,Hipparcos
2026-04-03,2026-04-03 22:00,2026-04-04 00:00,2026-04-03 20:00,2026-04-03 22:00,West,LPC,LPC,HIP 31434,HIP 31434,98.80026,28.02234,5.26,,5.256,,,5.151,5.21,5.147,49.24,62.34,276.95,NO,NO,,1075.0967,carried_over; partial_visibility,Hipparcos
2026-04-03,2026-04-03 22:00,2026-04-04 00:00,2026-04-03 20:00,2026-04-03 22:00,West,NGS,NGS_BRIGHT,Pollux,HIP 37826,116.33068,28.02631,1.16,,2.285,,,,,,64.49,77.55,258.21,YES,NO,,1074.0135,,Hipparcos
2026-04-03,2026-04-03 22:00,2026-04-04 00:00,2026-04-03 20:00,2026-04-03 22:00,West,NGS,NGS_FAINT,HIP 37629,HIP 37629,115.82786,28.88407,4.23,,5.493,,,2.328,1.799,1.736,64.16,77.21,259.81,YES,NO,,1074.1513,,Hipparcos
2026-04-03,2026-04-03 22:00,2026-04-04 00:00,2026-04-03 20:00,2026-04-03 22:00,West,NGS,NGS_MEDIUM,HIP 36046,HIP 36046,111.43198,27.79829,3.78,,4.921,,,2.195,1.658,1.562,60.17,73.37,271.66,YES,YES,,992.8749,repeated_from_prev_slot,Hipparcos
2026-04-03,2026-04-03 22:00,2026-04-04 00:00,2026-04-03 20:00,2026-04-03 22:00,West,NGS,NGS_MEDIUM,HIP 36046,HIP 36046,111.43198,27.79829,3.78,,4.921,,,2.195,1.658,1.562,60.17,73.37,271.66,YES,NO,,1061.7789,carried_over,Hipparcos
2026-04-03,2026-04-03 23:00,2026-04-04 01:00,2026-04-03 21:00,2026-04-03 23:00,East,LPC,LPC,HIP 52959,HIP 52959,162.47389,27.97387,6.05,,6.441,,,5.229,5.095,5.011,61.71,74.92,89.14,YES,NO,,1074.6591,,Hipparcos
2026-04-03,2026-04-03 23:00,2026-04-04 01:00,2026-04-03 21:00,2026-04-03 23:00,East,LPC,LPC,HIP 50904,HIP 50904,155.92402,29.61589,6.36,,7.572,,,4.343,3.829,3.724,67.59,79.73,107.71,YES,NO,,1074.4133,,Hipparcos
2026-04-03,2026-04-03 23:00,2026-04-04 01:00,2026-04-03 21:00,2026-04-03 23:00,East,NGS,NGS_FAINT,HIP 53417,HIP 53417,163.90353,24.74975,4.3,,4.303,,,3.916,4.026,4.352,59.81,72.86,103.2,YES,NO,,1068.9026,,Hipparcos
2026-04-03,2026-04-03 23:00,2026-04-04 01:00,2026-04-03 21:00,2026-04-03 23:00,North,LPC,LPC,HIP 47544,HIP 47544,145.39627,31.27784,5.9,,7.675,,,3.069,2.135,1.976,76.6,82.13,166.4,YES,NO,,1032.2148,,Hipparcos
2026-04-03,2026-04-03 23:00,2026-04-04 01:00,2026-04-03 21:00,2026-04-03 23:00,North,LPC,LPC,HIP 47636,HIP 47636,145.68578,30.11146,6.73,,7.008,,,6.15,6.049,5.991,76.47,82.56,167.84,YES,NO,,1032.2131,,Hipparcos
2026-04-03,2026-04-03 23:00,2026-04-04 01:00,2026-04-03 21:00,2026-04-03 23:00,North,NGS,NGS_FAINT,HIP 45493,HIP 45493,139.047,54.02171,4.8,,5.028,,,4.481,4.353,4.291,60.05,63.13,241.51,YES,NO,,1027.5847,,Hipparcos
2026-04-03,2026-04-03 23:00,2026-04-04 01:00,2026-04-03 21:00,2026-04-03 23:00,North,NGS,NGS_MEDIUM,HIP 46853,HIP 46853,143.21802,51.6786,3.17,,3.671,,,,,,63.44,65.67,190.91,YES,NO,,1014.9413,,Hipparcos
2026-04-03,2026-04-03 23:00,2026-04-04 01:00,2026-04-03 21:00,2026-04-03 23:00,South,LPC,LPC,HIP 48298,HIP 48298,147.70533,11.84242,6.86,,6.816,,,6.87,6.955,6.961,66.8,71.22,173.46,YES,NO,1.68,1162.7173,,Hipparcos
2026-04-03,2026-04-03 23:00,2026-04-04 01:00,2026-04-03 21:00,2026-04-03 23:00,South,LPC,LPC,HIP 48883,HIP 48883,149.5558,12.44484,5.26,,5.216,,,5.268,5.286,5.265,65.98,71.53,168.05,YES,NO,1.66,1161.4937,,Hipparcos
2026-04-03,2026-04-03 23:00,2026-04-04 01:00,2026-04-03 21:00,2026-04-03 23:00,South,NGS,NGS_FAINT,HIP 49029,HIP 49029,150.05343,8.04428,4.68,,6.484,,,1.53,0.706,0.49,62.41,67.45,168.57,YES,NO,2.6,1153.3356,,Hipparcos
2026-04-03,2026-04-03 23:00,2026-04-04 01:00,2026-04-03 21:00,2026-04-03 23:00,South,NGS,NGS_MEDIUM,HIP 47508,HIP 47508,145.28799,9.8924,3.52,,4.042,,,2.765,2.603,2.503,66.65,69.55,180.24,YES,NO,3.56,1151.6519,,Hipparcos
2026-04-03,2026-04-03 23:00,2026-04-04 01:00,2026-04-03 21:00,2026-04-03 23:00,West,LPC,LPC,HIP 43100,HIP 43100,131.66665,28.76517,6.58,,6.586,,,6.445,6.474,6.449,64.83,77.8,261.53,YES,NO,,1075.2605,,Hipparcos
2026-04-03,2026-04-03 23:00,2026-04-04 01:00,2026-04-03 21:00,2026-04-03 23:00,West,LPC,LPC,HIP 42294,HIP 42294,129.34208,28.29452,6.63,,7.524,,,5.095,4.702,4.591,62.74,75.93,272.82,YES,NO,,1075.0888,,Hipparcos
2026-04-03,2026-04-03 23:00,2026-04-04 01:00,2026-04-03 21:00,2026-04-03 23:00,West,LPC,LPC,HIP 38101,HIP 38101,117.12001,28.76425,6.86,,7.95,,,5.162,4.694,4.605,52.21,65.29,277.91,NO,NO,,1076.1234,carried_over; partial_visibility,Hipparcos
2026-04-03,2026-04-03 23:00,2026-04-04 01:00,2026-04-03 21:00,2026-04-03 23:00,West,LPC,LPC,HIP 39157,HIP 39157,120.13435,29.21519,6.97,,7.751,,,,,,54.88,67.95,278.72,NO,NO,,1075.0126,carried_over; partial_visibility,Hipparcos
2026-04-03,2026-04-03 23:00,2026-04-04 01:00,2026-04-03 21:00,2026-04-03 23:00,West,NGS,NGS_BRIGHT,Pollux,HIP 37826,116.33068,28.02631,1.16,,2.285,,,,,,51.39,64.51,276.15,NO,NO,,1074.0135,carried_over; partial_visibility,Hipparcos
2026-04-03,2026-04-03 23:00,2026-04-04 01:00,2026-04-03 21:00,2026-04-03 23:00,West,NGS,NGS_FAINT,HIP 43103,HIP 43103,131.67431,28.76001,4.03,,5.113,,,2.368,1.941,1.831,64.83,77.81,261.52,YES,NO,,1075.2626,,Hipparcos
2026-04-03,2026-04-03 23:00,2026-04-04 01:00,2026-04-03 21:00,2026-04-03 23:00,West,NGS,NGS_FAINT,HIP 37629,HIP 37629,115.82786,28.88407,4.23,,5.493,,,2.328,1.799,1.736,51.12,64.18,278.49,NO,NO,,1074.1513,carried_over; partial_visibility,Hipparcos
2026-04-03,2026-04-03 23:00,2026-04-04 01:00,2026-04-03 21:00,2026-04-03 23:00,West,NGS,NGS_MEDIUM,HIP 36046,HIP 36046,111.43198,27.79829,3.78,,4.921,,,2.195,1.658,1.562,47.11,60.2,277.07,NO,NO,,992.8749,carried_over; partial_visibility,Hipparcos
2026-04-03,2026-04-04 00:00,2026-04-04 02:00,2026-04-03 22:00,2026-04-04 00:00,East,LPC,LPC,HIP 56601,HIP 56601,174.07475,27.7813,5.8,,6.074,,,5.289,5.292,5.208,64.71,77.72,104.32,YES,NO,,1073.4272,,Hipparcos
2026-04-03,2026-04-04 00:00,2026-04-04 02:00,2026-04-03 22:00,2026-04-04 00:00,East,LPC,LPC,HIP 58213,HIP 58213,179.08636,26.6796,6.79,,7.19,,,6.014,5.884,5.85,60.13,73.33,94.6,YES,NO,,1071.9497,,Hipparcos
2026-04-03,2026-04-04 00:00,2026-04-04 02:00,2026-04-03 22:00,2026-04-04 00:00,East,NGS,NGS_FAINT,HIP 59847,HIP 59847,184.08565,23.94542,4.93,,5.975,,,3.38,2.911,2.697,55.1,68.24,98.85,YES,NO,,1065.5848,,Hipparcos
2026-04-03,2026-04-04 00:00,2026-04-04 02:00,2026-04-03 22:00,2026-04-04 00:00,North,LPC,LPC,HIP 52366,HIP 52366,160.54696,31.69704,6.02,,7.796,,,2.013,1.112,0.979,76.45,81.95,166.8,YES,NO,,1031.9138,,Hipparcos
2026-04-03,2026-04-04 00:00,2026-04-04 02:00,2026-04-03 22:00,2026-04-04 00:00,North,LPC,LPC,HIP 50513,HIP 50513,154.74905,51.40549,6.81,,7.458,,,5.653,5.386,5.298,62.29,65.65,241.19,YES,NO,,1030.005,,Hipparcos
2026-04-03,2026-04-04 00:00,2026-04-04 02:00,2026-04-03 22:00,2026-04-04 00:00,North,NGS,NGS_FAINT,HIP 52098,HIP 52098,159.68005,31.97622,4.68,,5.574,,,3.292,2.926,2.826,75.92,81.81,190.66,YES,NO,,1031.0059,,Hipparcos
2026-04-03,2026-04-04 00:00,2026-04-04 02:00,2026-04-03 22:00,2026-04-04 00:00,South,LPC,LPC,HIP 53039,HIP 53039,162.78566,11.57885,6.85,,8.197,,,4.886,4.431,4.304,66.56,70.97,173.44,YES,NO,1.5,1163.2713,,Hipparcos
2026-04-03,2026-04-04 00:00,2026-04-04 02:00,2026-04-03 22:00,2026-04-04 00:00,South,LPC,LPC,HIP 53737,HIP 53737,164.92177,11.70576,6.53,,6.982,,,,,,65.23,70.8,167.51,YES,NO,1.16,1162.932,,Hipparcos
2026-04-03,2026-04-04 00:00,2026-04-04 02:00,2026-04-03 22:00,2026-04-04 00:00,South,NGS,NGS_FAINT,HIP 54182,HIP 54182,166.25512,7.33612,4.62,,4.969,,,,,,61.12,66.58,166.12,YES,NO,3.71,1146.995,,Hipparcos
2026-04-03,2026-04-04 00:00,2026-04-04 02:00,2026-04-03 22:00,2026-04-04 00:00,South,NGS,NGS_MEDIUM,HIP 51624,HIP 51624,158.20281,9.30659,3.84,,3.678,,,4.266,4.264,4.275,64.91,68.91,185.71,YES,NO,5.6,1141.257,,Hipparcos
2026-04-03,2026-04-04 00:00,2026-04-04 02:00,2026-04-03 22:00,2026-04-04 00:00,West,LPC,LPC,HIP 47173,HIP 47173,144.20407,27.75854,6.96,,8.277,,,5.185,4.493,4.293,62.49,75.69,267.96,YES,NO,,1075.0793,,Hipparcos
2026-04-03,2026-04-04 00:00,2026-04-04 02:00,2026-04-03 22:00,2026-04-04 00:00,West,LPC,LPC,HIP 49103,HIP 49103,150.32637,28.78439,6.93,,8.375,,,4.868,4.185,4.034,67.97,80.12,252.2,YES,NO,,1074.7793,,Hipparcos
2026-04-03,2026-04-04 00:00,2026-04-04 02:00,2026-04-03 22:00,2026-04-04 00:00,West,LPC,LPC,HIP 43100,HIP 43100,131.66665,28.76517,6.58,,6.586,,,6.445,6.474,6.449,51.77,64.85,277.93,NO,NO,,1075.2605,carried_over; partial_visibility,Hipparcos
2026-04-03,2026-04-04 00:00,2026-04-04 02:00,2026-04-03 22:00,2026-04-04 00:00,West,LPC,LPC,HIP 42294,HIP 42294,129.34208,28.29452,6.63,,7.524,,,5.095,4.702,4.591,49.67,62.76,277.31,NO,NO,,1075.0888,carried_over; partial_visibility,Hipparcos
2026-04-03,2026-04-04 00:00,2026-04-04 02:00,2026-04-03 22:00,2026-04-04 00:00,West,NGS,NGS_FAINT,HIP 43103,HIP 43103,131.67431,28.76001,4.03,,5.113,,,2.368,1.941,1.831,51.77,64.85,277.91,NO,NO,,1075.2626,carried_over; partial_visibility,Hipparcos
2026-04-03,2026-04-04 00:00,2026-04-04 02:00,2026-04-03 22:00,2026-04-04 00:00,West,NGS,NGS_MEDIUM,HIP 48455,HIP 48455,148.19149,26.00708,3.88,,5.263,,,1.974,1.327,1.364,65.67,78.18,241.35,YES,NO,,1069.585,,Hipparcos
2026-04-03,2026-04-04 01:00,2026-04-04 03:00,2026-04-03 23:00,2026-04-04 01:00,East,LPC,LPC,HIP 62576,HIP 62576,192.32297,27.55233,5.76,,5.809,,,5.595,5.625,5.617,61.89,75.09,92.43,YES,NO,,1074.3617,,Hipparcos
2026-04-03,2026-04-04 01:00,2026-04-04 03:00,2026-04-03 23:00,2026-04-04 01:00,East,LPC,LPC,HIP 62944,HIP 62944,193.48227,26.78,6.91,,8.333,,,5.0,4.342,4.117,60.73,73.93,95.03,YES,NO,,1072.4179,,Hipparcos
2026-04-03,2026-04-04 01:00,2026-04-04 03:00,2026-04-03 23:00,2026-04-04 01:00,East,NGS,NGS_FAINT,HIP 62763,HIP 62763,192.9247,27.54073,4.93,,5.628,,,3.629,3.367,3.26,61.36,74.56,91.58,YES,NO,,1074.0897,,Hipparcos
2026-04-03,2026-04-04 01:00,2026-04-04 03:00,2026-04-03 23:00,2026-04-04 01:00,North,LPC,LPC,HIP 57029,HIP 57029,175.39375,31.74598,5.73,,6.19,,,,,,76.51,81.94,193.52,YES,NO,,1031.9929,,Hipparcos
2026-04-03,2026-04-04 01:00,2026-04-04 03:00,2026-04-03 23:00,2026-04-04 01:00,North,LPC,LPC,HIP 57176,HIP 57176,175.88008,31.76212,6.79,,7.997,,,4.912,4.466,4.292,76.22,81.92,168.0,YES,NO,,1031.5233,,Hipparcos
2026-04-03,2026-04-04 01:00,2026-04-04 03:00,2026-04-03 23:00,2026-04-04 01:00,North,NGS,NGS_MEDIUM,Phecda,HIP 58001,178.45726,53.69473,2.41,,2.473,,,2.381,2.487,2.429,61.49,63.75,142.28,YES,NO,,1021.0694,,Hipparcos
2026-04-03,2026-04-04 01:00,2026-04-04 03:00,2026-04-03 23:00,2026-04-04 01:00,South,LPC,LPC,HIP 57779,HIP 57779,177.73093,12.27897,6.37,,6.66,,,5.802,5.75,5.712,67.15,71.6,173.56,YES,NO,1.98,1161.7324,,Hipparcos
2026-04-03,2026-04-04 01:00,2026-04-04 03:00,2026-04-03 23:00,2026-04-04 01:00,South,LPC,LPC,HIP 58616,HIP 58616,180.30745,12.37778,6.93,,7.041,,,6.629,6.601,6.59,65.46,71.33,166.25,YES,NO,1.82,1160.0091,,Hipparcos
2026-04-03,2026-04-04 01:00,2026-04-04 03:00,2026-04-03 23:00,2026-04-04 01:00,South,NGS,NGS_FAINT,HIP 58948,HIP 58948,181.30279,8.73285,4.12,,5.193,,,,,,62.16,67.85,165.47,YES,NO,2.69,1152.3933,,Hipparcos
2026-04-03,2026-04-04 01:00,2026-04-04 03:00,2026-04-03 23:00,2026-04-04 01:00,South,NGS,NGS_MEDIUM,Spica,HIP 57632,177.26616,14.57234,2.14,,2.276,,,,,,69.11,73.68,174.41,YES,NO,3.92,1155.688,,Hipparcos
2026-04-03,2026-04-04 01:00,2026-04-04 03:00,2026-04-03 23:00,2026-04-04 01:00,West,LPC,LPC,HIP 52882,HIP 52882,162.23867,29.41615,6.15,,7.427,,,4.336,3.753,3.694,65.28,78.08,266.61,YES,NO,,1077.0656,,Hipparcos
2026-04-03,2026-04-04 01:00,2026-04-04 03:00,2026-04-03 23:00,2026-04-04 01:00,West,LPC,LPC,HIP 51781,HIP 51781,158.70801,27.96178,6.82,,7.996,,,5.022,4.513,4.418,62.03,75.24,270.39,YES,NO,,1075.1212,,Hipparcos
2026-04-03,2026-04-04 01:00,2026-04-04 03:00,2026-04-03 23:00,2026-04-04 01:00,West,LPC,LPC,HIP 47173,HIP 47173,144.20407,27.75854,6.96,,8.277,,,5.185,4.493,4.293,49.39,62.51,276.03,NO,NO,,1075.0793,carried_over; partial_visibility,Hipparcos
2026-04-03,2026-04-04 01:00,2026-04-04 03:00,2026-04-03 23:00,2026-04-04 01:00,West,LPC,LPC,HIP 49103,HIP 49103,150.32637,28.78439,6.93,,8.375,,,4.868,4.185,4.034,54.88,67.98,277.18,NO,NO,,1074.7793,carried_over; partial_visibility,Hipparcos
2026-04-03,2026-04-04 01:00,2026-04-04 03:00,2026-04-03 23:00,2026-04-04 01:00,West,NGS,NGS_MEDIUM,HIP 48455,HIP 48455,148.19149,26.00708,3.88,,5.263,,,1.974,1.327,1.364,52.46,65.67,269.91,NO,NO,,1069.585,carried_over; partial_visibility,Hipparcos
2026-04-03,2026-04-04 02:00,2026-04-04 04:00,2026-04-04 00:00,2026-04-04 02:00,East,LPC,LPC,HIP 66725,HIP 66725,205.16301,28.06514,6.22,,7.69,,,4.113,3.424,3.243,63.91,77.05,99.43,YES,NO,,1074.2193,,Hipparcos
2026-04-03,2026-04-04 02:00,2026-04-04 04:00,2026-04-04 00:00,2026-04-04 02:00,East,LPC,LPC,HIP 68103,HIP 68103,209.14234,27.4922,5.02,,6.642,,,2.716,1.931,1.769,60.34,73.55,90.53,YES,NO,,1073.3892,,Hipparcos
2026-04-03,2026-04-04 02:00,2026-04-04 04:00,2026-04-04 00:00,2026-04-04 02:00,East,NGS,NGS_FAINT,HIP 69226,HIP 69226,212.59979,25.09182,4.82,,5.37,,,3.921,3.656,3.649,56.81,69.98,96.87,YES,NO,,1067.9218,,Hipparcos
2026-04-03,2026-04-04 02:00,2026-04-04 04:00,2026-04-04 00:00,2026-04-04 02:00,North,LPC,LPC,HIP 61902,HIP 61902,190.2824,30.43709,6.94,,7.241,,,6.277,6.168,6.131,76.53,82.47,192.65,YES,NO,,1032.266,,Hipparcos
2026-04-03,2026-04-04 02:00,2026-04-04 04:00,2026-04-04 00:00,2026-04-04 02:00,North,LPC,LPC,HIP 61995,HIP 61995,190.57454,33.68884,6.64,,7.84,,,,,,76.06,80.88,166.33,YES,NO,,1030.9784,,Hipparcos
2026-04-03,2026-04-04 02:00,2026-04-04 04:00,2026-04-04 00:00,2026-04-04 02:00,North,NGS,NGS_FAINT,HIP 61317,HIP 61317,188.43789,41.35677,4.24,,4.871,,,,,,70.97,75.0,188.51,YES,NO,,1023.5574,,Hipparcos
2026-04-03,2026-04-04 02:00,2026-04-04 04:00,2026-04-04 00:00,2026-04-04 02:00,South,LPC,LPC,HIP 63081,HIP 63081,193.87641,11.49588,6.91,,8.587,,,2.728,1.853,1.64,65.85,70.78,170.72,YES,NO,0.82,1165.4988,,Hipparcos
2026-04-03,2026-04-04 02:00,2026-04-04 04:00,2026-04-04 00:00,2026-04-04 02:00,South,LPC,LPC,HIP 62933,HIP 62933,193.45698,12.4185,6.25,,6.537,,,5.614,5.518,5.467,66.8,71.66,171.59,YES,NO,1.74,1162.304,,Hipparcos
2026-04-03,2026-04-04 02:00,2026-04-04 04:00,2026-04-04 00:00,2026-04-04 02:00,South,NGS,NGS_FAINT,HIP 61960,HIP 61960,190.47086,10.23584,4.88,,4.96,,,4.986,4.761,4.678,66.93,69.84,180.13,YES,NO,3.48,1152.3408,,Hipparcos
2026-04-03,2026-04-04 02:00,2026-04-04 04:00,2026-04-04 00:00,2026-04-04 02:00,South,NGS,NGS_MEDIUM,HIP 63608,HIP 63608,195.54484,10.9591,2.85,,3.87,,,,,,64.33,70.03,166.44,YES,NO,1.22,1161.5572,,Hipparcos
2026-04-03,2026-04-04 02:00,2026-04-04 04:00,2026-04-04 00:00,2026-04-04 02:00,West,LPC,LPC,HIP 56601,HIP 56601,174.07475,27.7813,5.8,,6.074,,,5.289,5.292,5.208,62.27,75.48,268.45,YES,NO,,1075.013,,Hipparcos
2026-04-03,2026-04-04 02:00,2026-04-04 04:00,2026-04-04 00:00,2026-04-04 02:00,West,LPC,LPC,HIP 56178,HIP 56178,172.72891,28.45157,6.74,,8.461,,,3.556,2.721,2.386,61.2,74.38,274.3,YES,NO,,1073.0865,,Hipparcos
2026-04-03,2026-04-04 02:00,2026-04-04 04:00,2026-04-04 00:00,2026-04-04 02:00,West,LPC,LPC,HIP 52882,HIP 52882,162.23867,29.41615,6.15,,7.427,,,4.336,3.753,3.694,52.27,65.3,279.47,NO,NO,,1077.0656,carried_over; partial_visibility,Hipparcos
2026-04-03,2026-04-04 02:00,2026-04-04 04:00,2026-04-04 00:00,2026-04-04 02:00,West,LPC,LPC,HIP 51781,HIP 51781,158.70801,27.96178,6.82,,7.996,,,5.022,4.513,4.418,48.95,62.06,276.62,NO,NO,,1075.1212,carried_over; partial_visibility,Hipparcos
2026-04-03,2026-04-04 02:00,2026-04-04 04:00,2026-04-04 00:00,2026-04-04 02:00,West,NGS,NGS_FAINT,HIP 60742,HIP 60742,186.7347,28.26862,4.35,,5.606,,,2.62,2.048,1.81,73.42,82.43,201.54,YES,NO,,1061.8942,,Hipparcos
2026-04-03,2026-04-04 03:00,2026-04-04 05:00,2026-04-04 01:00,2026-04-04 03:00,East,LPC,LPC,HIP 72552,HIP 72552,222.49328,28.61583,5.8,,5.866,,,5.589,5.61,5.588,62.0,75.17,84.44,YES,NO,,1073.5024,,Hipparcos
2026-04-03,2026-04-04 03:00,2026-04-04 05:00,2026-04-04 01:00,2026-04-04 03:00,East,LPC,LPC,HIP 73699,HIP 73699,225.95537,27.08118,6.8,,8.436,,,4.478,3.692,3.502,58.73,71.94,90.87,YES,NO,,1071.6834,,Hipparcos
2026-04-03,2026-04-04 03:00,2026-04-04 05:00,2026-04-04 01:00,2026-04-04 03:00,East,NGS,NGS_FAINT,HIP 71284,HIP 71284,218.66954,29.74481,4.47,,4.843,,,3.561,3.462,3.336,65.44,78.13,91.03,YES,NO,,1077.8219,,Hipparcos
2026-04-03,2026-04-04 03:00,2026-04-04 05:00,2026-04-04 01:00,2026-04-04 03:00,East,NGS,NGS_MEDIUM,HIP 72105,HIP 72105,221.24688,27.07417,2.35,,3.398,,,0.65,0.128,0.122,62.86,76.01,98.77,YES,NO,,1073.3765,,Hipparcos
2026-04-03,2026-04-04 03:00,2026-04-04 05:00,2026-04-04 01:00,2026-04-04 03:00,North,LPC,LPC,HIP 67778,HIP 67778,208.28518,40.338,6.48,,8.278,,,3.57,2.803,2.501,71.19,75.8,145.68,YES,NO,,1032.0916,,Hipparcos
2026-04-03,2026-04-04 03:00,2026-04-04 05:00,2026-04-04 01:00,2026-04-04 03:00,North,LPC,LPC,HIP 66690,HIP 66690,205.06512,31.01181,6.21,,7.27,,,4.623,4.052,3.903,76.23,82.25,191.39,YES,NO,,1031.6637,,Hipparcos
2026-04-03,2026-04-04 03:00,2026-04-04 05:00,2026-04-04 01:00,2026-04-04 03:00,North,NGS,NGS_BRIGHT,Alcor,HIP 67301,206.88561,49.3133,1.85,,1.744,,,2.228,2.408,2.265,65.67,67.92,168.19,YES,NO,,1017.4643,,Hipparcos
2026-04-03,2026-04-04 03:00,2026-04-04 05:00,2026-04-04 01:00,2026-04-04 03:00,North,NGS,NGS_FAINT,HIP 66458,HIP 66458,204.3654,36.29484,4.82,,5.143,,,4.036,4.026,4.149,74.18,79.08,189.6,YES,NO,,1027.9602,,Hipparcos
2026-04-03,2026-04-04 03:00,2026-04-04 05:00,2026-04-04 01:00,2026-04-04 03:00,South,LPC,LPC,HIP 67674,HIP 67674,207.96592,10.13598,6.57,,8.291,,,3.912,3.058,2.894,65.45,69.66,173.67,YES,NO,1.31,1162.915,,Hipparcos
2026-04-03,2026-04-04 03:00,2026-04-04 05:00,2026-04-04 01:00,2026-04-04 03:00,South,LPC,LPC,HIP 67673,HIP 67673,207.96286,11.93714,6.9,,7.319,,,6.107,6.001,5.884,66.82,71.29,173.26,YES,NO,1.69,1162.6902,,Hipparcos
2026-04-03,2026-04-04 03:00,2026-04-04 05:00,2026-04-04 01:00,2026-04-04 03:00,South,NGS,NGS_FAINT,HIP 67459,HIP 67459,207.36957,15.79781,4.05,,5.755,,,1.218,0.438,0.435,69.96,74.75,174.12,YES,NO,4.91,1152.7117,,Hipparcos
2026-04-03,2026-04-04 03:00,2026-04-04 05:00,2026-04-04 01:00,2026-04-04 03:00,South,NGS,NGS_MEDIUM,Alkaid,HIP 67927,208.67132,18.39859,2.68,,3.317,,,,,,70.59,76.79,168.72,YES,NO,6.8,1146.0874,,Hipparcos
2026-04-03,2026-04-04 03:00,2026-04-04 05:00,2026-04-04 01:00,2026-04-04 03:00,West,LPC,LPC,HIP 62576,HIP 62576,192.32297,27.55233,5.76,,5.809,,,5.595,5.625,5.617,65.03,77.97,252.69,YES,NO,,1072.7749,,Hipparcos
2026-04-03,2026-04-04 03:00,2026-04-04 05:00,2026-04-04 01:00,2026-04-04 03:00,West,LPC,LPC,HIP 63320,HIP 63320,194.64123,28.31954,6.94,,7.193,,,6.492,6.386,6.388,67.16,79.6,244.16,YES,NO,,1071.8494,,Hipparcos
2026-04-03,2026-04-04 03:00,2026-04-04 05:00,2026-04-04 01:00,2026-04-04 03:00,West,LPC,LPC,HIP 56601,HIP 56601,174.07475,27.7813,5.8,,6.074,,,5.289,5.292,5.208,49.17,62.29,276.09,NO,NO,,1075.013,carried_over; partial_visibility,Hipparcos
2026-04-03,2026-04-04 03:00,2026-04-04 05:00,2026-04-04 01:00,2026-04-04 03:00,West,LPC,LPC,HIP 56178,HIP 56178,172.72891,28.45157,6.74,,8.461,,,3.556,2.721,2.386,48.15,61.22,278.0,NO,NO,,1073.0865,carried_over; partial_visibility,Hipparcos
2026-04-03,2026-04-04 03:00,2026-04-04 05:00,2026-04-04 01:00,2026-04-04 03:00,West,NGS,NGS_FAINT,HIP 62763,HIP 62763,192.9247,27.54073,4.93,,5.628,,,3.629,3.367,3.26,65.55,78.39,249.29,YES,NO,,1072.1732,,Hipparcos
2026-04-03,2026-04-04 03:00,2026-04-04 05:00,2026-04-04 01:00,2026-04-04 03:00,West,NGS,NGS_FAINT,HIP 60742,HIP 60742,186.7347,28.26862,4.35,,5.606,,,2.62,2.048,1.81,60.25,73.44,273.59,YES,NO,,1061.8942,carried_over,Hipparcos
2026-04-03,2026-04-04 04:00,2026-04-04 06:00,2026-04-04 02:00,2026-04-04 04:00,East,LPC,LPC,HIP 77442,HIP 77442,237.1434,28.15678,5.89,,6.516,,,5.364,5.089,4.564,62.3,75.49,87.96,YES,NO,,1074.8828,,Hipparcos
2026-04-03,2026-04-04 04:00,2026-04-04 06:00,2026-04-04 02:00,2026-04-04 04:00,East,LPC,LPC,HIP 74596,HIP 74596,228.62169,29.16423,5.28,,5.346,,,5.092,5.147,5.11,69.84,81.09,123.99,YES,NO,,1070.8911,,Hipparcos
2026-04-03,2026-04-04 04:00,2026-04-04 06:00,2026-04-04 02:00,2026-04-04 04:00,East,LPC,LPC,HIP 72552,HIP 72552,222.49328,28.61583,5.8,,5.866,,,5.589,5.61,5.588,75.16,82.75,173.65,YES,NO,,1073.5024,carried_over,Hipparcos
2026-04-03,2026-04-04 04:00,2026-04-04 06:00,2026-04-04 02:00,2026-04-04 04:00,East,NGS,NGS_FAINT,HIP 78159,HIP 78159,239.39709,26.87803,4.14,,5.521,,,2.104,1.488,1.349,60.11,73.32,93.21,YES,NO,,1072.3554,,Hipparcos
2026-04-03,2026-04-04 04:00,2026-04-04 06:00,2026-04-04 02:00,2026-04-04 04:00,East,NGS,NGS_MEDIUM,HIP 75695,HIP 75695,231.95772,29.10549,3.66,,3.977,,,3.598,3.553,3.456,66.93,79.37,112.63,YES,NO,,1072.5796,,Hipparcos
2026-04-03,2026-04-04 04:00,2026-04-04 06:00,2026-04-04 02:00,2026-04-04 04:00,North,LPC,LPC,HIP 72124,HIP 72124,221.307,32.78851,6.27,,8.073,,,3.253,2.362,2.114,75.81,81.37,168.88,YES,NO,,1030.7065,,Hipparcos
2026-04-03,2026-04-04 04:00,2026-04-04 06:00,2026-04-04 02:00,2026-04-04 04:00,North,LPC,LPC,HIP 71008,HIP 71008,217.83521,43.38233,6.73,,6.83,,,6.523,6.545,6.523,69.25,73.18,215.11,YES,NO,,1029.7091,,Hipparcos
2026-04-03,2026-04-04 04:00,2026-04-04 06:00,2026-04-04 02:00,2026-04-04 04:00,North,NGS,NGS_FAINT,HIP 70497,HIP 70497,216.30008,51.85171,4.04,,4.566,,,,,,62.43,65.35,215.35,YES,NO,,1021.9596,,Hipparcos
2026-04-03,2026-04-04 04:00,2026-04-04 06:00,2026-04-04 02:00,2026-04-04 04:00,South,LPC,LPC,HIP 73028,HIP 73028,223.8692,12.43087,6.78,,6.825,,,6.646,6.721,6.673,66.62,71.66,170.68,YES,NO,1.68,1162.3145,,Hipparcos
2026-04-03,2026-04-04 04:00,2026-04-04 06:00,2026-04-04 02:00,2026-04-04 04:00,South,LPC,LPC,HIP 72499,HIP 72499,222.35912,10.04436,6.64,,8.044,,,4.808,4.084,3.95,65.8,69.64,175.4,YES,NO,1.9,1160.4719,,Hipparcos
2026-04-03,2026-04-04 04:00,2026-04-04 06:00,2026-04-04 02:00,2026-04-04 04:00,South,NGS,NGS_FAINT,HIP 72125,HIP 72125,221.31041,16.9644,4.6,,5.664,,,2.869,2.494,2.334,71.54,75.83,177.65,YES,NO,6.23,1148.2595,,Hipparcos
2026-04-03,2026-04-04 04:00,2026-04-04 06:00,2026-04-04 02:00,2026-04-04 04:00,South,NGS,NGS_MEDIUM,HIP 71795,HIP 71795,220.28717,13.72833,3.78,,3.853,,,3.738,3.747,3.697,69.5,73.03,181.01,YES,NO,4.61,1150.6461,,Hipparcos
2026-04-03,2026-04-04 04:00,2026-04-04 06:00,2026-04-04 02:00,2026-04-04 04:00,West,LPC,LPC,HIP 66725,HIP 66725,205.16301,28.06514,6.22,,7.69,,,4.113,3.424,3.243,63.16,76.36,268.15,YES,NO,,1075.803,,Hipparcos
2026-04-03,2026-04-04 04:00,2026-04-04 06:00,2026-04-04 02:00,2026-04-04 04:00,West,LPC,LPC,HIP 68055,HIP 68055,209.01993,28.67252,6.99,,7.038,,,6.837,6.873,6.839,66.6,79.2,245.3,YES,NO,,1071.7908,,Hipparcos
2026-04-03,2026-04-04 04:00,2026-04-04 06:00,2026-04-04 02:00,2026-04-04 04:00,West,LPC,LPC,HIP 62576,HIP 62576,192.32297,27.55233,5.76,,5.809,,,5.595,5.625,5.617,51.89,65.05,274.47,NO,NO,,1072.7749,carried_over; partial_visibility,Hipparcos
2026-04-03,2026-04-04 04:00,2026-04-04 06:00,2026-04-04 02:00,2026-04-04 04:00,West,LPC,LPC,HIP 63320,HIP 63320,194.64123,28.31954,6.94,,7.193,,,6.492,6.386,6.388,54.04,67.18,275.9,NO,NO,,1071.8494,carried_over; partial_visibility,Hipparcos
2026-04-03,2026-04-04 04:00,2026-04-04 06:00,2026-04-04 02:00,2026-04-04 04:00,West,NGS,NGS_FAINT,HIP 62763,HIP 62763,192.9247,27.54073,4.93,,5.628,,,3.629,3.367,3.26,52.41,65.57,274.22,NO,NO,,1072.1732,carried_over; partial_visibility,Hipparcos
2026-04-03,2026-04-04 05:00,2026-04-04 07:00,2026-04-04 03:00,2026-04-04 05:00,East,LPC,LPC,HIP 82510,HIP 82510,252.95874,28.6663,6.62,,7.212,,,5.729,5.575,5.504,61.7,74.86,83.71,YES,NO,,1072.9734,,Hipparcos
2026-04-03,2026-04-04 05:00,2026-04-04 07:00,2026-04-04 03:00,2026-04-04 05:00,East,LPC,LPC,HIP 81729,HIP 81729,250.40291,26.91699,5.92,,6.328,,,5.141,4.938,4.859,63.67,76.74,103.37,YES,NO,,1072.7323,,Hipparcos
2026-04-03,2026-04-04 05:00,2026-04-04 07:00,2026-04-04 03:00,2026-04-04 05:00,East,LPC,LPC,HIP 77442,HIP 77442,237.1434,28.15678,5.89,,6.516,,,5.364,5.089,4.564,75.48,82.76,172.49,YES,NO,,1074.8828,carried_over,Hipparcos
2026-04-03,2026-04-04 05:00,2026-04-04 07:00,2026-04-04 03:00,2026-04-04 05:00,East,NGS,NGS_MEDIUM,HIP 84379,HIP 84379,258.75802,24.83959,3.12,,3.226,,,2.834,2.976,2.808,55.89,69.07,96.37,YES,NO,,1067.1586,,Hipparcos
2026-04-03,2026-04-04 05:00,2026-04-04 07:00,2026-04-04 03:00,2026-04-04 05:00,North,LPC,LPC,HIP 76944,HIP 76944,235.66919,31.70878,6.71,,8.252,,,4.366,3.679,3.636,76.53,81.93,193.65,YES,NO,,1032.0195,,Hipparcos
2026-04-03,2026-04-04 05:00,2026-04-04 07:00,2026-04-04 03:00,2026-04-04 05:00,North,LPC,LPC,HIP 77048,HIP 77048,235.99717,32.51583,5.57,,6.766,,,3.694,3.184,3.066,76.17,81.51,167.35,YES,NO,,1031.3085,,Hipparcos
2026-04-03,2026-04-04 05:00,2026-04-04 07:00,2026-04-04 03:00,2026-04-04 05:00,North,NGS,NGS_FAINT,HIP 76041,HIP 76041,232.9458,40.89937,4.98,,5.103,,,4.831,4.795,4.608,70.78,75.28,214.26,YES,NO,,1031.5607,,Hipparcos
2026-04-03,2026-04-04 05:00,2026-04-04 07:00,2026-04-04 03:00,2026-04-04 05:00,South,LPC,LPC,HIP 78097,HIP 78097,239.18982,12.47793,6.94,,8.116,,,6.173,6.029,6.01,66.49,71.7,169.88,YES,NO,1.7,1162.0226,,Hipparcos
2026-04-03,2026-04-04 05:00,2026-04-04 07:00,2026-04-04 03:00,2026-04-04 05:00,South,LPC,LPC,HIP 77966,HIP 77966,238.83994,9.22346,6.9,,8.057,,,5.101,4.663,4.526,64.3,68.79,171.86,YES,NO,1.38,1161.1908,,Hipparcos
2026-04-03,2026-04-04 05:00,2026-04-04 07:00,2026-04-04 03:00,2026-04-04 05:00,South,NGS,NGS_FAINT,HIP 77257,HIP 77257,236.61144,7.35324,4.42,,5.056,,,,,,64.1,67.21,177.69,YES,NO,3.95,1148.4737,,Hipparcos
2026-04-03,2026-04-04 05:00,2026-04-04 07:00,2026-04-04 03:00,2026-04-04 05:00,South,NGS,NGS_MEDIUM,HIP 78072,HIP 78072,239.11248,15.66473,3.85,,,,,,,,68.71,74.5,168.81,YES,NO,4.51,1152.4361,,Hipparcos
2026-04-03,2026-04-04 05:00,2026-04-04 07:00,2026-04-04 03:00,2026-04-04 05:00,West,LPC,LPC,HIP 72552,HIP 72552,222.49328,28.61583,5.8,,5.866,,,5.589,5.61,5.588,65.22,78.15,261.33,YES,NO,,1075.5483,,Hipparcos
2026-04-03,2026-04-04 05:00,2026-04-04 07:00,2026-04-04 03:00,2026-04-04 05:00,West,LPC,LPC,HIP 71094,HIP 71094,218.08447,26.67734,6.0,,6.244,,,5.476,5.426,5.373,61.06,74.25,263.91,YES,NO,,1072.421,,Hipparcos
2026-04-03,2026-04-04 05:00,2026-04-04 07:00,2026-04-04 03:00,2026-04-04 05:00,West,LPC,LPC,HIP 66725,HIP 66725,205.16301,28.06514,6.22,,7.69,,,4.113,3.424,3.243,50.07,63.18,276.5,NO,NO,,1075.803,carried_over; partial_visibility,Hipparcos
2026-04-03,2026-04-04 05:00,2026-04-04 07:00,2026-04-04 03:00,2026-04-04 05:00,West,LPC,LPC,HIP 68055,HIP 68055,209.01993,28.67252,6.99,,7.038,,,6.837,6.873,6.839,53.52,66.62,277.14,NO,NO,,1071.7908,carried_over; partial_visibility,Hipparcos
2026-04-03,2026-04-04 05:00,2026-04-04 07:00,2026-04-04 03:00,2026-04-04 05:00,West,NGS,NGS_FAINT,HIP 71995,HIP 71995,220.85572,26.52789,4.8,,6.682,,,1.477,0.536,0.381,63.47,76.5,254.98,YES,NO,,1071.9935,,Hipparcos
2026-04-03,2026-04-04 05:00,2026-04-04 07:00,2026-04-04 03:00,2026-04-04 05:00,West,NGS,NGS_MEDIUM,HIP 72105,HIP 72105,221.24688,27.07417,2.35,,3.398,,,0.65,0.128,0.122,63.91,76.97,255.97,YES,NO,,1072.7558,,Hipparcos
2026-04-03,2026-04-04 06:00,2026-04-04 07:00,2026-04-04 04:00,2026-04-04 05:00,East,LPC,LPC,HIP 83274,HIP 83274,255.29013,27.19667,6.57,,6.984,,,5.742,5.554,5.535,72.65,79.26,94.79,YES,NO,,1077.8218,,Hipparcos
2026-04-03,2026-04-04 06:00,2026-04-04 07:00,2026-04-04 04:00,2026-04-04 05:00,East,LPC,LPC,HIP 84455,HIP 84455,258.99549,27.13434,6.57,,7.899,,,4.742,4.172,4.063,69.38,76.0,91.79,YES,NO,,1075.464,,Hipparcos
2026-04-03,2026-04-04 06:00,2026-04-04 07:00,2026-04-04 04:00,2026-04-04 05:00,East,LPC,LPC,HIP 82510,HIP 82510,252.95874,28.6663,6.62,,7.212,,,5.729,5.575,5.504,74.85,81.45,84.39,YES,NO,,1072.9734,carried_over,Hipparcos
2026-04-03,2026-04-04 06:00,2026-04-04 07:00,2026-04-04 04:00,2026-04-04 05:00,East,NGS,NGS_FAINT,HIP 85693,HIP 85693,262.68458,26.1106,4.41,,6.001,,,2.158,1.443,1.287,65.96,72.57,93.27,YES,NO,,1071.5904,,Hipparcos
2026-04-03,2026-04-04 06:00,2026-04-04 07:00,2026-04-04 04:00,2026-04-04 05:00,East,NGS,NGS_MEDIUM,HIP 86974,HIP 86974,266.6155,27.7225,3.42,,4.229,,,,,,62.79,69.39,86.15,YES,NO,,1068.233,,Hipparcos
2026-04-03,2026-04-04 06:00,2026-04-04 07:00,2026-04-04 04:00,2026-04-04 05:00,North,LPC,LPC,HIP 82051,HIP 82051,251.40889,55.31404,6.96,,7.337,,,6.209,6.074,6.051,60.8,62.2,9.72,YES,NO,,1059.2809,,Hipparcos
2026-04-03,2026-04-04 06:00,2026-04-04 07:00,2026-04-04 04:00,2026-04-04 05:00,North,LPC,LPC,HIP 81113,HIP 81113,248.49658,52.23795,6.84,,7.941,,,5.175,4.812,4.635,64.32,65.54,58.96,YES,NO,,1047.8491,,Hipparcos
2026-04-03,2026-04-04 06:00,2026-04-04 07:00,2026-04-04 04:00,2026-04-04 05:00,North,NGS,NGS_FAINT,HIP 78592,HIP 78592,240.69938,46.03685,4.72,,4.619,,,4.775,4.923,4.88,70.63,71.8,251.53,YES,NO,,1039.2581,,Hipparcos
2026-04-03,2026-04-04 06:00,2026-04-04 07:00,2026-04-04 04:00,2026-04-04 05:00,North,NGS,NGS_MEDIUM,HIP 79992,HIP 79992,244.9352,46.31327,3.91,,3.742,,,3.927,4.085,4.285,70.66,71.59,157.77,YES,NO,,1024.2563,,Hipparcos
2026-04-03,2026-04-04 06:00,2026-04-04 07:00,2026-04-04 04:00,2026-04-04 05:00,South,LPC,LPC,HIP 80546,HIP 80546,246.67166,9.27293,6.66,,7.99,,,4.636,3.749,3.93,68.28,70.08,170.08,YES,NO,0.09,1168.1645,,Hipparcos
2026-04-03,2026-04-04 06:00,2026-04-04 07:00,2026-04-04 04:00,2026-04-04 05:00,South,LPC,LPC,HIP 80479,HIP 80479,246.41955,9.37064,6.73,,8.341,,,4.585,3.61,3.507,68.48,70.21,170.75,YES,NO,0.33,1167.2826,,Hipparcos
2026-04-03,2026-04-04 06:00,2026-04-04 07:00,2026-04-04 04:00,2026-04-04 05:00,South,NGS,NGS_FAINT,HIP 81008,HIP 81008,248.15166,11.48823,4.84,,6.533,,,2.191,1.414,1.268,69.48,71.93,164.57,YES,NO,2.62,1156.5378,,Hipparcos
2026-04-03,2026-04-04 06:00,2026-04-04 07:00,2026-04-04 04:00,2026-04-04 05:00,South,NGS,NGS_MEDIUM,HIP 80170,HIP 80170,245.48018,19.15302,3.74,,4.038,,,3.269,3.118,2.944,77.16,79.57,168.92,YES,NO,9.57,1139.7045,,Hipparcos
2026-04-03,2026-04-04 06:00,2026-04-04 07:00,2026-04-04 04:00,2026-04-04 05:00,West,LPC,LPC,HIP 77442,HIP 77442,237.1434,28.15678,5.89,,6.516,,,5.364,5.089,4.564,78.01,84.27,243.71,YES,NO,,1076.3818,,Hipparcos
2026-04-03,2026-04-04 06:00,2026-04-04 07:00,2026-04-04 04:00,2026-04-04 05:00,West,LPC,LPC,HIP 74893,HIP 74893,229.58414,26.8402,6.59,,7.476,,,5.493,5.212,5.153,71.2,77.8,264.59,YES,NO,,1076.1794,,Hipparcos
2026-04-03,2026-04-04 06:00,2026-04-04 07:00,2026-04-04 04:00,2026-04-04 05:00,West,LPC,LPC,HIP 72552,HIP 72552,222.49328,28.61583,5.8,,5.866,,,5.589,5.61,5.588,65.22,71.8,275.65,YES,NO,,1075.5483,carried_over,Hipparcos
2026-04-03,2026-04-04 06:00,2026-04-04 07:00,2026-04-04 04:00,2026-04-04 05:00,West,LPC,LPC,HIP 71094,HIP 71094,218.08447,26.67734,6.0,,6.244,,,5.476,5.426,5.373,61.06,67.68,271.28,YES,NO,,1072.421,carried_over,Hipparcos
2026-04-03,2026-04-04 06:00,2026-04-04 07:00,2026-04-04 04:00,2026-04-04 05:00,West,NGS,NGS_FAINT,HIP 73745,HIP 73745,226.1119,26.94766,4.52,,5.93,,,2.438,1.803,1.672,68.16,74.78,267.99,YES,NO,,1074.1757,,Hipparcos
2026-04-03,2026-04-04 06:00,2026-04-04 07:00,2026-04-04 04:00,2026-04-04 05:00,West,NGS,NGS_FAINT,HIP 71995,HIP 71995,220.85572,26.52789,4.8,,6.682,,,1.477,0.536,0.381,63.47,70.09,269.54,YES,NO,,1071.9935,carried_over,Hipparcos
2026-04-03,2026-04-04 06:00,2026-04-04 07:00,2026-04-04 04:00,2026-04-04 05:00,West,NGS,NGS_MEDIUM,HIP 75695,HIP 75695,231.95772,29.10549,3.66,,3.977,,,3.598,3.553,3.456,73.52,80.09,278.08,YES,NO,,1077.6635,,Hipparcos
2026-04-03,2026-04-04 06:00,2026-04-04 07:00,2026-04-04 04:00,2026-04-04 05:00,West,NGS,NGS_MEDIUM,HIP 72105,HIP 72105,221.24688,27.07417,2.35,,3.398,,,0.65,0.128,0.122,63.91,70.53,271.03,YES,NO,,1072.7558,carried_over,Hipparcos
